study_hours_per_week,attendance_pct,previous_gpa,assignments_completed_pct,sleep_hours_per_night,extracurriculars,parental_support,learning_style,predicted_gpa,performance_grade
18.47699907107863,89.67541614249957,3.065946395820696,65.61832315719838,5.663102370120295,Heavy (5+),Medium,Reading/Writing,5.81,D
14.032149891801707,69.732214255072,4.951306980596897,59.712369658389164,6.242882999514652,Light (1-2),Medium,Kinesthetic,4.77,D
19.53381976670485,65.72701674866539,5.75551003984104,56.2461741531863,5.869527779710906,Light (1-2),Medium,Kinesthetic,5.41,D
25.661208994856178,77.94938313883571,9.897837783212342,86.19498368206696,6.342405017510635,Moderate (3-4),Low,Visual,8.48,B
13.360926376936648,75.44723066212607,7.501795624160764,76.78898453408208,6.743019627146573,Moderate (3-4),Medium,Visual,6.86,C
13.361041301355737,71.20157926009087,4.096133175620196,85.69108096407665,8.00458538359766,Heavy (5+),Medium,Reading/Writing,4.29,F
26.054489708551742,88.44581171185072,7.374865320951747,90.3570902918227,6.6146091535531575,Light (1-2),Low,Auditory,7.24,C
20.37204310407036,92.32957812855766,3.714852819910942,83.984254897588,5.097249151876489,Light (1-2),High,Kinesthetic,6.35,C
11.713679298455336,79.32610329437772,8.448843896996731,89.86644764225561,8.368081415794192,None,Medium,Reading/Writing,7.18,C
18.79792030510175,100.0,5.651975626727818,78.95701570636597,5.995491839661953,Moderate (3-4),High,Kinesthetic,6.43,C
11.756076150312765,60.87466328799742,6.331454860269493,62.19509917541383,6.929535487474445,Light (1-2),Medium,Visual,4.91,D
11.739891725008203,75.09510811080423,8.886433965575943,95.86721271231194,7.5358438083288535,Light (1-2),Medium,Kinesthetic,6.48,C
16.69373590096224,67.24766519095793,4.18310557654835,71.1633180082831,7.239532502083339,Light (1-2),Medium,Auditory,4.94,D
1.6070382873954152,50.0019507439041,3.9851872667966157,65.9660555185636,8.31301545702577,Light (1-2),Medium,Kinesthetic,4.21,F
2.92557517240877,76.7597897123595,5.449521212577191,77.33123186293403,7.574803772071311,None,High,Visual,4.9,D
11.063987295313192,76.17378737425075,8.36908193183477,66.30783621055231,5.966428504363471,Moderate (3-4),Medium,Reading/Writing,5.81,D
7.910182157659033,100.0,3.7651770641416835,73.73854427015851,9.614274608789994,Moderate (3-4),High,Reading/Writing,4.92,D
17.199731328166916,87.46217526832166,1.402119923400976,85.160808823452,7.23320015600588,Light (1-2),High,Auditory,6.04,C
8.643831471351524,62.63719763506192,5.6879140548638025,85.22512608869191,6.8231917280541925,Light (1-2),Medium,Auditory,5.9,D
5.11387409065296,100.0,7.4931334398396565,66.53254900361556,8.156710507666684,Moderate (3-4),High,Kinesthetic,6.26,C
25.259541382450877,96.31550543288029,8.660471149529894,72.68441940576884,7.299341135116086,Light (1-2),Medium,Auditory,7.56,B
13.41956589659425,86.73146555202923,5.666309548246282,96.11499507155366,7.4790738315271925,Light (1-2),High,Reading/Writing,7.07,C
15.472697432815467,74.60273851725252,5.759432107191196,87.44600176600912,9.990620798320824,Light (1-2),High,Visual,7.44,C
5.026762696505802,63.6084114491478,8.577021321660345,100.0,6.669854286093944,Moderate (3-4),Low,Kinesthetic,5.75,D
11.18932092832372,72.4168983589342,3.1344649405482428,97.7019226061229,6.618686927179125,Heavy (5+),High,Reading/Writing,4.99,D
15.776458127969063,94.33122929556279,5.800662604670583,97.16439602839908,7.139894214414957,Moderate (3-4),Medium,Auditory,5.62,D
6.943044958043881,100.0,6.842763001865104,59.181971743162975,8.285819122697246,None,Medium,Visual,5.33,D
17.629886128419702,100.0,7.308593698313062,91.45790527450134,5.192159163771521,Light (1-2),Medium,Reading/Writing,7.21,C
10.795529170568365,70.6672586732059,5.582347952256411,79.20339797454633,4.641332930228193,Heavy (5+),Low,Visual,4.36,F
12.958143751447063,61.205738500664836,6.561993821070514,71.73527294692626,6.295461675255823,None,Medium,Visual,5.59,D
10.788053714394222,80.11329370366806,2.0210107638566184,82.52023010798793,5.0392924491288555,Heavy (5+),High,Reading/Writing,4.55,D
27.965947291562564,51.473409516557226,5.315152857799073,94.17817301917225,6.490202382969234,Heavy (5+),Low,Visual,5.08,D
14.905519426834463,82.84751571277172,7.3163156825980415,87.51247386506317,7.6029996353551486,None,Medium,Visual,5.99,D
7.596023497308698,75.78596120551997,4.731870738341577,66.8228929798691,5.931101363737284,Heavy (5+),Low,Reading/Writing,5.04,D
20.757814384722323,71.00945247197636,6.606171598861275,91.13688370388931,5.287808107862389,Light (1-2),Medium,Visual,6.98,C
6.454094450202845,54.07945399099807,7.304370501444857,70.43618686886055,7.083204594058418,Moderate (3-4),High,Auditory,6.45,C
16.462045165033288,85.70400159854574,5.883411438456023,83.2502467844643,8.035052181538205,Light (1-2),High,Visual,7.13,C
1.2823091328415703,70.00948740507133,6.806834787793828,75.44974898784298,4.966031873780064,Light (1-2),High,Reading/Writing,5.44,D
5.702697657710987,60.451247464345684,4.767081382487698,76.71700622396561,7.984278877967181,Moderate (3-4),Medium,Reading/Writing,5.31,D
16.378028651083866,34.91606680077526,6.128099696547116,91.49364462560764,7.980767444485991,Moderate (3-4),Medium,Reading/Writing,5.42,D
20.169266059967875,77.58727642424046,7.5983891052606,64.39709420276154,8.144902122587954,None,High,Visual,7.18,C
16.199577968329795,100.0,6.782551329743182,100.0,8.462176257846023,Moderate (3-4),High,Visual,7.5,C
14.190462023282317,100.0,5.444243714784916,52.68370896058255,9.64241670959154,Light (1-2),Medium,Visual,4.52,D
12.892274130874979,71.14355615120593,6.903589527723428,71.03498475117715,6.572689541657134,Light (1-2),Medium,Auditory,6.65,C
4.650346067428009,68.9668190945733,7.786297623145913,85.55317834912611,7.131485896093429,Light (1-2),High,Kinesthetic,6.49,C
9.96109054123704,85.03161384112536,2.8101056985605397,88.76471249652965,6.50027388010237,Light (1-2),High,Visual,5.69,D
11.775528603281487,63.02421841217563,8.586333316920616,78.49286419142442,7.002372213706973,Light (1-2),Medium,Visual,6.27,C
22.39985558353241,82.52687849729199,5.89474147037407,79.13913945497687,8.839448026763574,None,High,Visual,7.13,C
17.40532802697923,89.49120417577035,7.265881879832414,86.15825127991425,5.385982619283197,None,Low,Reading/Writing,6.07,C
2.658718912460863,96.40399835826462,8.65504446256141,76.5339578381348,5.9667403934013095,None,Medium,Reading/Writing,6.6,C
17.268587785763565,76.4976888528007,4.030987344985162,100.0,8.652617123805474,Light (1-2),Medium,Reading/Writing,5.35,D
12.304424037085784,74.94489374734552,5.223006195630417,92.59023671347403,8.224043808282508,Heavy (5+),Low,Kinesthetic,5.13,D
10.261545997858288,64.83026119865158,5.980612347423731,93.09236526508452,6.5642420238195065,None,Low,Auditory,5.39,D
19.281734021886074,65.5967946894021,5.089243661976029,65.50764914944375,8.025282401344864,Heavy (5+),Low,Visual,4.83,D
22.216996657471658,74.6028166214771,9.622885836506256,78.80917363391445,7.40945901099044,Moderate (3-4),Medium,Visual,7.56,B
21.518960833813388,83.51048260224267,4.9578102311117735,75.49301076918944,8.800329530801186,Moderate (3-4),High,Reading/Writing,6.18,C
9.12547733744153,91.70376939349875,5.50001579692364,64.91597936465801,7.089411512592127,Moderate (3-4),High,Reading/Writing,5.5,D
12.835513369041498,65.95231573979483,6.867900256885358,85.4024627591865,8.230758536647098,Moderate (3-4),Medium,Reading/Writing,6.09,C
17.318844019824947,100.0,4.33613085306304,71.93531363330275,10.0,None,Medium,Reading/Writing,6.45,C
21.828815889856514,73.93314598436147,5.787774718838725,89.83105744775355,7.717718986056959,Light (1-2),High,Reading/Writing,6.13,C
11.645780335082971,77.67949058477346,7.071415870250315,63.947126556585026,7.059193798953812,Moderate (3-4),Low,Kinesthetic,5.53,D
13.70038716335328,66.79182481278265,5.900851272111479,100.0,7.866936382265175,Moderate (3-4),High,Reading/Writing,6.18,C
7.255655181957803,41.63639609590587,6.331903653980093,66.55501012111907,6.561662970155338,Moderate (3-4),High,Reading/Writing,5.02,D
6.6265536314353035,91.26068094541574,5.547202197592933,83.28953505800654,9.865561246629678,None,Low,Visual,4.68,D
20.687680756759384,89.0526584563865,3.7739534434746194,91.87788965582101,7.216085245235178,Moderate (3-4),High,Reading/Writing,6.12,C
24.493680199995758,73.7800866432268,7.078867780410629,71.44039354699831,6.672480015729384,Light (1-2),High,Kinesthetic,7.62,B
14.495929148937662,79.00486075837308,9.658879528965034,92.78702965149427,5.997173193975957,Light (1-2),Low,Auditory,6.84,C
22.024730285244168,85.73908826556149,6.533122935410189,61.562246032993755,8.316664229927726,Light (1-2),Low,Reading/Writing,6.05,C
17.53145217533344,54.56181214670186,6.90547541104559,100.0,8.040624895393286,Moderate (3-4),Low,Reading/Writing,5.8,D
10.484161717764131,70.06420983980559,7.746900959210347,80.21223897448637,6.403174754303088,Heavy (5+),Medium,Visual,6.05,C
17.5297692385589,89.9139701943274,4.215205106215942,71.05382888046681,7.691741614146907,Light (1-2),Medium,Reading/Writing,6.08,C
25.766255965261784,59.18565865246126,9.56452638463329,75.51227341358849,5.189732838144573,Moderate (3-4),Medium,Visual,7.07,C
14.74921772623034,82.40336898249944,6.864191833561043,92.13378904089079,7.221964690087788,Light (1-2),Medium,Kinesthetic,7.02,C
25.952505590698046,57.65127293064893,9.437342418360396,71.23317062224342,7.5433076224920335,None,High,Kinesthetic,8.04,B
1.0,84.9964497365029,5.180540608056819,68.75963465865834,9.048795771471067,None,Medium,Visual,5.11,D
20.753317530626568,77.46537776553775,9.772511460604084,76.67695103624392,6.075017436725573,None,Low,Visual,6.96,C
15.609329477667199,53.77302276141736,7.89527988926261,62.34556830845048,5.465976845437211,Light (1-2),Medium,Reading/Writing,6.21,C
12.906948546738928,95.47109031685757,7.495472154534245,100.0,5.92548644688995,Light (1-2),Medium,Auditory,7.07,C
15.642325435748516,66.98112634802926,6.921244017835666,71.50408113177915,5.396117799622096,Moderate (3-4),Medium,Visual,6.32,C
1.08701759779375,65.84621344478428,6.052648487465991,92.47425179270606,8.60398882931078,Moderate (3-4),Medium,Reading/Writing,5.57,D
13.462296785137417,81.00853795846415,8.660956985252971,83.14205125471659,8.858367154028844,None,Low,Auditory,5.89,D
17.499788000582225,95.22956024143073,6.7526477657264845,65.23198924277048,7.384259893538594,Light (1-2),High,Visual,6.53,C
25.345258313190612,62.762672715324044,2.959274533543126,79.91067936180906,8.465553934822177,Light (1-2),High,Kinesthetic,5.6,D
11.372108472084468,78.92519774771958,4.489064368927396,91.76004168966122,7.1607500566962825,Light (1-2),Medium,Kinesthetic,5.96,D
9.340544779747686,84.4322475049586,6.165477646053055,77.1760799737054,6.885866022759081,None,Medium,Reading/Writing,4.99,D
11.487700694908245,88.39658410894717,7.057998169697999,97.89669418776542,6.600354857135486,None,Medium,Kinesthetic,6.6,C
21.40781482391452,80.64662332915837,6.398140719980187,95.32273089172796,6.627530810346921,Heavy (5+),High,Visual,7.21,C
17.30125776761779,72.49458241375017,8.694147421628594,93.78372281987494,5.142638132429163,Moderate (3-4),Medium,Visual,7.43,C
11.291678573630728,65.5861466902692,2.9880166447304752,73.10514841590505,7.317105716328807,Light (1-2),High,Visual,5.17,D
18.592872031793494,79.29215824569562,6.758458285709288,63.8023632832777,6.951599307743147,Light (1-2),Medium,Reading/Writing,5.66,D
15.679542845436282,61.9179148202159,3.2276373943031214,70.79618591955808,7.894432868893451,Light (1-2),Medium,Kinesthetic,4.26,F
21.780514933730224,34.17974274758089,7.867482131871503,82.94361411000081,7.112228195726332,Moderate (3-4),Medium,Reading/Writing,5.51,D
10.085628342858534,84.54839706236501,6.329974314004395,88.18680070298534,6.8047555581170895,Light (1-2),High,Kinesthetic,6.21,C
12.706364973815623,91.55902261629294,7.2552979496434125,47.42642892859329,5.954568363990843,None,High,Reading/Writing,6.37,C
12.255242928074896,42.55601346687242,4.945010670938421,79.87830197582375,7.086583884186114,Moderate (3-4),Low,Auditory,3.67,F
4.75539536307517,62.854039429350934,8.803036876983953,82.37133837984777,7.885884676979394,Light (1-2),Medium,Auditory,6.71,C
17.072841939452033,87.28731391507796,8.375104395305932,75.83683615526672,5.627993210699367,Light (1-2),Medium,Visual,6.28,C
16.827386905259225,100.0,7.550379745421398,99.36910758523818,7.104968504416887,Light (1-2),Medium,Visual,8.04,B
15.035794196497227,78.31190561513112,6.266868955645807,86.32670111376306,7.27965154183538,Light (1-2),High,Reading/Writing,7.39,C
13.357890066373972,67.07995588156298,7.543743113531238,99.65287862121346,6.138322259658083,Light (1-2),High,Auditory,7.34,C
5.092404805647099,75.2565533834274,5.227593377622772,76.76059219474652,6.2945724341104,Light (1-2),High,Reading/Writing,5.26,D
12.055482740642486,98.62314628722277,8.040000186237283,94.06216238760388,7.276733018519457,Light (1-2),High,Reading/Writing,7.83,B
12.600998384312614,68.31053731313197,9.469065609783058,100.0,5.639894778048852,None,Medium,Visual,6.24,C
9.384059115448668,66.01211990024619,8.427099007962536,99.67540173908992,7.419908458299271,Moderate (3-4),High,Auditory,7.26,C
13.871000018337936,70.75884716726951,5.186715554346662,63.617876098569,5.92557475160896,Light (1-2),High,Auditory,5.7,D
17.82835599770177,63.70007087611931,7.1505511710915854,76.19485883686428,8.275424431639859,None,Medium,Auditory,5.94,D
28.203301308473712,79.84005473992194,4.172345221234433,74.82252941825305,9.80539329446596,Moderate (3-4),High,Kinesthetic,6.06,C
16.222044689822873,100.0,7.530302560116216,87.3388180261449,5.967091837957817,Moderate (3-4),Low,Auditory,5.24,D
16.80285273505935,82.84618909674043,7.31108614315257,90.295303325218,7.641049434849609,Moderate (3-4),High,Reading/Writing,6.72,C
14.47887858963683,74.21469746810568,3.1343305888421047,67.41660988961395,6.127909714141577,Light (1-2),Medium,Kinesthetic,5.3,D
1.5686014929067102,73.62283096626683,4.408789080957745,81.01757770875406,8.249145008557347,Light (1-2),Medium,Kinesthetic,4.42,F
14.814402871855481,54.552137869550144,5.9903499858612195,49.701090017657954,5.481689909097742,Moderate (3-4),Medium,Kinesthetic,4.7,D
15.421611469587186,91.24664665720738,5.958452455146513,100.0,7.576704110113255,Moderate (3-4),Medium,Visual,6.83,C
32.242694787397,76.83244204480798,4.32294151624615,72.3143863898496,5.952413239732777,Light (1-2),Medium,Visual,7.33,C
13.653473246532142,75.29280129614061,7.200161712833931,80.83795909766745,6.751618493081957,Heavy (5+),Low,Visual,6.23,C
17.110831396335286,100.0,6.952652496092922,75.35525429017908,5.762769669823232,None,Medium,Visual,6.19,C
14.757017612063297,82.48129362548529,6.150315562438665,97.19041362520122,7.986820565074904,Heavy (5+),Medium,Kinesthetic,5.1,D
6.819253736663276,66.72313424857224,5.139575299714947,37.43740337903932,5.9956235746724955,Heavy (5+),High,Reading/Writing,5.79,D
22.999759701605143,71.60463605691685,8.387672827549814,79.75084486511136,7.662357111198193,Moderate (3-4),High,Visual,8.65,B
20.26353122880742,95.22668563795132,9.479732803558932,78.41271863753454,6.5870823660852,Heavy (5+),Medium,Visual,7.51,B
20.53722362930133,79.69905615806647,5.629589329076233,73.19545418612476,6.862633153841364,Moderate (3-4),High,Visual,5.92,D
8.634287816436828,56.4258303252395,5.398099549121323,100.0,7.177307088880154,Light (1-2),Medium,Reading/Writing,5.88,D
24.819560176552695,91.78843401862805,7.384173797741593,66.69005811716343,6.085810394009382,Light (1-2),High,Reading/Writing,7.6,B
5.187042560454033,67.97783871691509,5.8555471164554245,91.57694265853492,7.252440536249065,None,Medium,Kinesthetic,5.12,D
19.10799965660189,100.0,6.249085038806179,85.34379183059126,8.836401477225293,Light (1-2),Medium,Kinesthetic,7.34,C
30.33318938066985,94.20072098571973,7.831375673104409,98.92278878803273,6.066286257000743,Moderate (3-4),Medium,Visual,8.13,B
8.066245724085181,71.29017156511873,3.063159042486873,69.99216372833742,8.406172171928613,Light (1-2),Low,Auditory,3.48,F
11.035915892780597,97.2152454260267,8.872944184734806,69.00546651314362,8.797717160185341,Light (1-2),High,Visual,7.31,C
15.697559555613488,79.01783265791104,6.630824943792814,96.44104861216098,6.020614013166347,Moderate (3-4),High,Auditory,7.13,C
11.475670421186607,90.79160512683329,5.759312339788075,86.37981962495165,5.253934473891338,Heavy (5+),Medium,Kinesthetic,5.87,D
4.145355982537071,85.27099225941713,6.339378522401392,56.82593979984862,7.362353080206118,None,Medium,Reading/Writing,5.37,D
15.479940823642192,65.3046501751369,6.432372839036934,71.91042478305094,6.343110972679752,Light (1-2),High,Reading/Writing,6.82,C
7.563874003917266,68.34675251523807,3.383837653799134,85.79573980772092,9.242323862995603,Light (1-2),High,Auditory,5.07,D
18.31514701444627,93.44941226371742,9.190888809415824,92.56646332319883,7.041769048599798,Moderate (3-4),Medium,Visual,7.65,B
8.564030360363379,72.97837001840189,6.574386138087113,69.81154020210568,6.037360710357785,None,Medium,Visual,3.73,F
25.849540835122774,71.94527305137005,7.297403834805276,36.286160152745886,5.6234085867859465,Moderate (3-4),Medium,Reading/Writing,5.94,D
9.51722695364634,63.673161309759706,8.212789587033278,87.8483477860555,8.307885950908997,Light (1-2),Medium,Reading/Writing,6.7,C
12.745569386560271,84.35398598390192,4.661907576391459,61.69518965084036,6.314579231098977,Light (1-2),Low,Visual,4.73,D
20.694620521587687,100.0,7.352249418263411,49.73991802816383,7.052594559352514,Heavy (5+),Medium,Reading/Writing,6.31,C
6.383949784962313,61.9870062861859,6.0182460363821715,37.51511112523789,8.146963294134977,None,High,Kinesthetic,4.39,F
16.592219542228907,78.36329185009137,8.024187395389689,92.20971290296612,6.418889977683004,Light (1-2),Medium,Auditory,7.37,C
24.149999279976996,99.18330833123144,2.670990643367308,81.9292617560745,6.944885405511807,None,High,Reading/Writing,6.79,C
3.747617358071407,76.80537913131427,6.3216302595657154,76.61515428931622,6.980117908212976,Light (1-2),High,Auditory,6.23,C
16.29243700972613,84.78557694374601,5.414922819588869,100.0,7.81998941381931,Light (1-2),High,Reading/Writing,6.12,C
16.819179559738963,62.0640970777968,7.27807331114148,89.55987024534609,7.708893202612391,Light (1-2),Medium,Reading/Writing,6.37,C
20.47276010244117,84.42460645811472,7.346079537262764,100.0,6.735863522494205,None,High,Kinesthetic,7.37,C
6.341345023853426,75.19283602493176,5.226273389320353,59.10896791749505,7.0763788737958215,Light (1-2),Low,Auditory,4.32,F
5.756803708410066,92.78594993519795,5.218087044483122,79.48174064069055,6.553865186171814,Moderate (3-4),Medium,Auditory,4.99,D
18.653590959318283,95.81079077347127,6.300802336596807,55.749299375779785,5.226865111696666,Moderate (3-4),Medium,Visual,5.95,D
17.078892712632303,100.0,4.886043990832626,76.55926502216799,7.3091210288777555,Light (1-2),Medium,Visual,6.67,C
16.753449952421136,86.69449759820364,8.015570651813828,76.27076219349983,9.270630112999681,Moderate (3-4),High,Reading/Writing,6.44,C
17.42513746647883,82.8869447487325,5.835427039194597,89.39920455894607,5.939537031170724,Light (1-2),High,Kinesthetic,7.62,B
10.239826948950565,80.91576452366004,1.2674212052210452,80.68345821712848,6.072364348476756,Light (1-2),Low,Auditory,4.14,F
16.625775880127026,72.70250560783967,5.825320298080749,89.35110707419874,5.95512667402751,Light (1-2),Medium,Visual,6.06,C
17.05150731309077,83.07725765192536,4.63062112248085,90.55160199708341,7.869510134467747,Light (1-2),Medium,Visual,6.52,C
9.999540073815425,73.56897884791456,3.563703532170298,100.0,7.538182545035728,Light (1-2),Medium,Auditory,4.47,F
28.060421578013298,80.52691464404421,4.27263205119937,75.27055017070813,6.809754769100252,Light (1-2),High,Visual,6.48,C
18.31683044638251,97.7639630341194,6.696935249299346,65.88465949000431,5.8983771260332425,Moderate (3-4),Medium,Visual,6.38,C
6.6608755195814595,62.90186152080538,8.891553490846816,83.69125422974614,7.11085214996791,Heavy (5+),High,Reading/Writing,7.09,C
19.595875260436806,95.09817841693568,7.063732052956964,67.96579959290685,5.122453447197035,Light (1-2),Low,Visual,6.3,C
8.17722830840875,97.75672601009798,5.408293901211668,100.0,7.172111880228992,Moderate (3-4),Medium,Reading/Writing,6.27,C
20.509592226197164,76.22897209513381,7.320627551307265,75.75172941582152,8.04582926330552,Moderate (3-4),Medium,Reading/Writing,6.35,C
23.110169053051827,46.17217651487108,5.673637441605814,71.51635448189015,5.498561036039587,Moderate (3-4),Medium,Visual,5.71,D
9.255223771538027,68.88267019358351,5.24971933550634,72.93026418273323,5.160978067804404,Light (1-2),Medium,Reading/Writing,5.97,D
21.743632904710253,97.45491819841664,4.422147197180628,90.77626135207461,8.895325470033832,Light (1-2),High,Reading/Writing,7.69,B
17.889466488555488,77.65697906551677,3.3467081478469054,77.63379525152772,6.265888432594498,None,High,Reading/Writing,5.76,D
20.754421119961428,63.01046651557634,5.798137328192999,70.37499769804427,8.363137415132586,Light (1-2),Medium,Auditory,6.26,C
28.27755087857763,70.42837618157674,6.784496281856237,100.0,6.815202801762602,Moderate (3-4),Medium,Auditory,7.34,C
13.282283187979907,90.60930039756829,6.326077393973199,67.15745239007374,6.805654219670407,None,Low,Kinesthetic,5.74,D
9.723846849497573,86.20100352302069,5.751259529694755,80.53349111049491,7.526095239395974,Light (1-2),Medium,Reading/Writing,6.45,C
8.773398992621336,74.41601851245458,4.797657090745794,89.78459227415345,5.9392013719042716,Moderate (3-4),Medium,Auditory,5.67,D
9.289328005241932,72.49763382277969,7.594843145032943,55.529973343743904,7.158996572194774,Moderate (3-4),Low,Visual,5.09,D
14.460288034101271,72.12362776434267,4.129162544096147,87.20390752108888,6.5422127022110885,Light (1-2),High,Visual,6.24,C
17.388063823716507,64.16384723252246,7.896850244918255,64.17338486779326,5.415407867913962,Moderate (3-4),High,Visual,6.33,C
16.936835595310132,100.0,4.6960093659318956,92.34174171251004,7.404978489671679,Light (1-2),High,Reading/Writing,6.51,C
20.790282743252167,73.1651929618299,5.145616572764537,65.56023482121536,6.6840306317465,Light (1-2),Medium,Visual,5.69,D
15.09101324314535,96.25737781238244,3.859786656891781,90.3915354777329,6.81157020586635,Light (1-2),High,Auditory,6.33,C
25.174738540101217,100.0,5.597476135605854,96.58749599442069,5.54780686790301,Moderate (3-4),Medium,Reading/Writing,6.25,C
13.147402167334308,92.9746634722194,8.255562425260361,92.92154788449207,8.909680441315365,Heavy (5+),Medium,Visual,7.33,C
34.04118416612733,71.52569530922928,7.428130559199122,83.76974972357154,8.05205702366334,None,High,Reading/Writing,6.71,C
19.379671434355043,84.05595135504915,8.261159801650463,76.53048585605451,8.156987061006374,Light (1-2),Medium,Reading/Writing,8.53,B
8.999897105086022,77.63706590413626,7.4398565826810845,71.35370635497735,6.633466357069982,Light (1-2),Low,Visual,6.3,C
7.503752513572214,64.44447208904808,4.513394308645335,100.0,4.924980532595896,Light (1-2),High,Reading/Writing,5.48,D
18.377306906702298,82.86538922582405,5.904579396210397,69.50757169748535,9.343500858987413,None,High,Reading/Writing,6.74,C
13.435760502719043,60.31440313260296,5.095641567588567,64.44400889645006,6.926682990392958,Light (1-2),High,Auditory,5.69,D
19.998003458644643,95.81519082692346,8.895034827270273,89.98053402549245,6.101440244775936,Moderate (3-4),Medium,Visual,7.24,C
18.312663372014814,71.0307405405241,4.345780436432639,68.05794795220257,7.500161889379736,Moderate (3-4),Medium,Reading/Writing,5.46,D
14.490197611401891,81.01739483809259,8.1086558409004,65.74904753800809,8.400544945603958,Light (1-2),High,Kinesthetic,6.89,C
9.072443973521164,82.24931807319213,8.107316966195786,58.34593606745352,6.972339332697441,Light (1-2),Low,Reading/Writing,5.67,D
4.396069427198947,74.11642539443883,9.793316363088957,72.75635240809224,8.534290201527249,Light (1-2),Medium,Visual,6.5,C
11.874395335530853,86.80040702212912,5.762564133266904,78.75927464155261,8.299599926220242,Light (1-2),Medium,Reading/Writing,5.4,D
20.994791560264307,70.87644515066214,7.7821798872442915,83.64637591491048,5.7083425751175305,Moderate (3-4),Medium,Auditory,6.62,C
16.498656208911427,91.06945946185866,10.0,94.26959366449225,6.191451873208628,Heavy (5+),Medium,Reading/Writing,7.61,B
6.279828549016084,57.81030479629877,5.388244981519346,87.90346885498691,8.14904459593572,Light (1-2),Low,Reading/Writing,4.81,D
16.212266480958274,79.89569369319618,3.7369275544417526,77.13691670670231,4.0,Light (1-2),Medium,Reading/Writing,5.23,D
17.697221658101856,100.0,3.1159819389660255,77.0270648543042,6.820653168202013,Moderate (3-4),Medium,Kinesthetic,6.06,C
8.81299794659207,62.995030130916376,7.7828816519503965,87.65236203372775,5.283002558050394,Light (1-2),Low,Reading/Writing,5.4,D
16.076075741618695,67.83382544212722,3.110329625494549,99.08855244392853,6.428135438279771,Moderate (3-4),Medium,Reading/Writing,5.32,D
15.407461029121999,85.70861774488372,5.829825704711739,81.894712992248,6.641415893164955,Light (1-2),High,Visual,7.34,C
6.999207915185638,80.69372672909397,7.287163736670129,72.96303718684386,6.570106746510991,Moderate (3-4),Medium,Kinesthetic,5.57,D
17.504511522437983,83.25945148910338,6.833315966293846,65.10700998371682,6.33728649746487,Light (1-2),Medium,Kinesthetic,6.31,C
18.92549168457764,85.33780695221495,7.26580075553151,58.32192103381662,5.683427620445423,Moderate (3-4),High,Visual,6.73,C
22.58135870222694,87.52082202842655,6.900121740441537,89.99404508065285,9.750293520182423,Moderate (3-4),Medium,Auditory,7.69,B
22.376614364244322,94.64549762934334,8.801958463964109,88.66967785459336,9.240954404993621,Light (1-2),Medium,Visual,7.8,B
5.356314424300363,84.14727985392769,4.785830514670165,88.66045287659992,5.60552101569246,Moderate (3-4),Medium,Reading/Writing,5.81,D
8.43522472059414,74.38113518072187,5.281408750774643,78.07010830471916,8.898540101564281,Moderate (3-4),High,Reading/Writing,5.76,D
18.60524687046062,88.08860551804096,5.1092129985125165,100.0,6.520641411432576,Light (1-2),High,Visual,6.55,C
18.596501656385463,100.0,7.994345261352699,72.73822258122773,7.155024967998052,Light (1-2),High,Kinesthetic,7.95,B
18.605333804142337,76.0104938042614,8.120717459111114,94.32903855810808,6.924071248123701,None,High,Visual,7.33,C
40.0,63.38206042994038,7.312205574773315,79.41885657515685,6.208301630495241,Light (1-2),Medium,Reading/Writing,8.02,B
18.99623357485217,94.60621003930459,8.63028860040187,70.87473852980993,8.180622812327377,Light (1-2),Low,Auditory,5.53,D
22.948959481264193,76.19428254069602,4.379526438722515,88.88795460976642,7.151063836691989,Moderate (3-4),Medium,Auditory,5.97,D
21.678012344452416,45.409956809789456,9.501003400792047,86.1445417802599,6.428138292136911,Light (1-2),Low,Visual,6.3,C
19.559738759140586,90.71132515725633,9.241829519082065,85.35459138900389,5.434492667439433,Heavy (5+),High,Visual,7.23,C
12.79311528751758,69.97007721069116,7.824119595042344,81.21917633084298,5.927685983537056,Light (1-2),Medium,Reading/Writing,6.03,C
20.31278454345287,76.64200076543759,9.707238035787908,79.43160377424753,5.030343861277483,Light (1-2),Low,Reading/Writing,6.72,C
9.590223498236998,82.97970495853522,3.518078226180007,100.0,7.014668258098204,Light (1-2),High,Visual,5.84,D
13.342269752819938,80.857495196686,5.555993354727226,97.7638496779426,5.564001289258725,Light (1-2),Medium,Visual,5.38,D
11.602455165196275,88.6417772570856,5.176453770772486,90.84240342478267,6.681327384977751,Light (1-2),Medium,Visual,6.11,C
15.573118975704258,71.46770444145236,7.798662782763218,81.67698737305082,8.644122224332445,Light (1-2),Medium,Reading/Writing,7.33,C
31.20260996671456,85.69658697264124,4.609746668716138,95.10735800895003,8.439159487505902,Light (1-2),Medium,Reading/Writing,7.29,C
1.929143651857764,74.10679983624124,7.863491268807474,87.76992164587178,6.961267727076859,Moderate (3-4),Medium,Visual,6.08,C
19.803821332621595,89.08215721331254,8.966965059194084,80.39307129161054,6.89549832862822,Moderate (3-4),Low,Reading/Writing,7.51,B
3.7109889016724384,87.23051226019581,7.751365220151198,75.44653512101128,9.25584945930521,Light (1-2),Medium,Visual,6.71,C
11.696476939473966,63.96841946933107,7.010751842590702,78.78623993505968,7.624907344430453,Moderate (3-4),High,Kinesthetic,7.06,C
22.622654178771562,94.28973174262549,4.721827986378651,32.443613961829165,6.6066322481481725,Moderate (3-4),High,Kinesthetic,5.73,D
15.44996013366824,69.96054832328927,4.975668260974343,83.15901258946462,5.288778259455458,None,Medium,Reading/Writing,5.16,D
7.455786554494857,90.12086697421718,8.749314029534,72.6728587983446,7.472647861797692,Heavy (5+),Medium,Kinesthetic,6.55,C
9.992874035180222,83.50930970102011,7.902828207029598,100.0,7.995188527099435,Moderate (3-4),High,Kinesthetic,7.37,C
19.75718424254273,100.0,6.42976486512042,80.29016106217631,6.242018170583627,Light (1-2),High,Kinesthetic,7.67,B
9.887433577980044,74.64801026442221,5.747762817621397,62.16554870697557,7.3494433061656395,Light (1-2),Medium,Reading/Writing,6.33,C
16.515210127073825,72.76024805822703,2.8535458283995214,79.25179768807824,6.563712046101965,None,Medium,Auditory,4.92,D
15.319002879326696,77.708705911684,4.57246564636801,64.30818372406243,6.779161120961197,None,High,Visual,6.0,C
10.43879756675928,73.45230325748587,9.940554356851502,87.101111235687,4.014613530925203,Moderate (3-4),Medium,Auditory,6.12,C
30.00760862527728,89.99912852913076,4.195179972195559,84.36421046509228,6.733862315540637,Light (1-2),Low,Reading/Writing,7.45,C
19.437433156226078,53.75534087345118,6.841063678197945,94.36759446662401,8.163243162889666,Moderate (3-4),Medium,Visual,6.05,C
1.0,62.194763712804686,8.313399151751357,68.13677312458152,6.24231693332013,Moderate (3-4),Low,Visual,4.63,D
16.305180203385994,61.9829561763121,4.241139197595873,80.51012144342221,7.063031641858379,Moderate (3-4),Medium,Auditory,4.92,D
10.367494746621285,92.25461387960364,6.83247885460595,59.52467306860047,6.092859151969695,Moderate (3-4),Medium,Visual,5.47,D
20.96703334357357,100.0,8.188247967519178,90.52242172887071,7.432530011551328,None,High,Reading/Writing,7.78,B
9.452354830971096,76.43326172193792,6.52249877943305,87.78306770660183,6.740172162956592,Light (1-2),Medium,Kinesthetic,5.57,D
14.196844909731707,75.46767415214984,10.0,87.43707531541357,5.872910151181592,Moderate (3-4),Medium,Reading/Writing,6.42,C
18.5349109528632,79.05078244669772,3.4965213340192483,80.02428547035412,8.599061761198154,None,Medium,Reading/Writing,5.18,D
21.06028635919085,95.42817453912286,8.405711353790982,86.22159336183186,8.114718416238658,None,High,Reading/Writing,9.07,A
6.597925150609566,64.0897029871414,6.188956872686364,100.0,6.27411188328619,Heavy (5+),Low,Auditory,5.18,D
12.658491349113362,81.57553474102178,7.889456278706016,75.72358614436979,7.5973459713013325,Moderate (3-4),Medium,Visual,6.82,C
11.675382821873306,92.62796444673644,7.294352873058642,82.07967775565126,7.644894403384457,Light (1-2),Low,Kinesthetic,6.67,C
10.426695371984017,85.51641254909768,5.180318845202006,63.70810551227885,7.770761482013411,Moderate (3-4),High,Visual,6.73,C
27.358179681967677,80.84372424898115,6.912193506426813,66.97608557602501,4.966892924805906,Moderate (3-4),Medium,Visual,5.82,D
17.83487197672669,93.01569138850712,3.155777387483083,81.46719939639961,8.207927849239153,Light (1-2),Medium,Reading/Writing,5.19,D
6.173812319654683,37.451515605011444,7.585845501028508,96.55900320052861,6.316361244489122,None,Medium,Visual,4.87,D
21.42503362938343,88.16812979296361,7.036685238782946,76.1557876362264,6.57060647987048,Heavy (5+),High,Auditory,6.8,C
29.855093379088434,68.18886475308864,7.649588303557584,76.46125206031815,10.0,Light (1-2),Medium,Visual,7.22,C
22.227256823858028,50.54050654715314,8.40461298515687,73.89672133243438,7.362248056865214,None,High,Visual,6.77,C
4.364410238321906,85.66803899287471,7.16171571237748,71.97864993733515,6.5364130294633895,Light (1-2),High,Visual,6.35,C
11.61036148993624,98.60487817744436,6.766560955636897,84.42457183563232,4.353646752692913,Moderate (3-4),High,Visual,6.78,C
23.86837804430636,75.93827228058463,4.914076994009674,57.54113532232033,8.667716960735627,Light (1-2),Medium,Reading/Writing,5.67,D
10.046313740668534,92.29311820804408,5.2180026254317085,99.2140936500009,5.385748395029677,Light (1-2),High,Kinesthetic,5.31,D
18.1067359970236,100.0,8.636122316319195,70.0186655280581,5.795873315800596,Light (1-2),Low,Auditory,6.32,C
20.42243837400536,97.72371680376071,9.085403730270762,90.82855228157212,6.602377241094581,Heavy (5+),Medium,Kinesthetic,7.17,C
8.51148669895342,100.0,6.0714012146383025,60.950021039091865,8.69969415004035,Light (1-2),High,Visual,6.28,C
14.583322507567399,89.13191236607838,6.582804945055893,90.03260195819327,7.927887983998911,Moderate (3-4),Medium,Auditory,5.85,D
1.0,79.13150458352389,4.871694125011221,90.07916911721746,6.810594988191688,Heavy (5+),Medium,Visual,4.45,F
7.829286510659971,53.97051282154247,8.6109623214814,85.76303108008845,7.3699504763665855,None,Medium,Reading/Writing,5.39,D
13.232022940247878,74.30906267805076,7.697750282645202,65.08357217300312,6.279537168554673,Heavy (5+),Medium,Auditory,5.7,D
6.265517726246053,65.35130107025712,9.994191385634748,83.74322284397115,7.167584427478421,Heavy (5+),Medium,Reading/Writing,5.72,D
26.426879127521445,100.0,4.91901846107647,62.25415722898417,7.088004093733764,Heavy (5+),High,Reading/Writing,6.44,C
4.989010354275571,75.36171281351496,5.819585781767209,76.20855117355723,8.162523874817623,Light (1-2),High,Reading/Writing,5.21,D
11.919688593121114,79.84807210176729,6.9166026605460305,95.44119651432989,8.160613746926739,Moderate (3-4),Medium,Reading/Writing,6.28,C
15.91518404100264,86.27228064060701,7.663681167906387,91.95052890606112,7.592772858646773,Moderate (3-4),Medium,Kinesthetic,6.29,C
25.08891302346281,78.65403669558681,6.111798252414262,80.2277441381065,6.565182930944677,Heavy (5+),High,Visual,7.36,C
4.948964941743924,100.0,4.928670037183339,65.37790136115737,7.890186753268152,Light (1-2),Medium,Auditory,5.52,D
23.14214626508472,68.66025957398323,8.086533552062427,89.6838156826129,6.889637840556344,Moderate (3-4),Low,Reading/Writing,6.6,C
15.07163142713711,80.91911182855864,7.798043652582047,80.29071856547039,5.701702757544241,Light (1-2),Low,Reading/Writing,5.84,D
8.129439442664344,66.86294121452927,4.850706618985295,45.19526602654365,6.516054649706874,Light (1-2),Medium,Visual,4.69,D
18.234724319842897,58.19966233168941,8.939797041989893,91.73944739474777,7.10143238054119,Light (1-2),Low,Auditory,6.81,C
16.39341786901429,68.82346363642071,8.606357676553888,79.63650749195462,8.092258940397695,Moderate (3-4),Low,Auditory,6.25,C
10.798481859888437,77.44444804427383,6.741733695046027,98.03676871974608,6.779766193411416,Light (1-2),Medium,Auditory,7.01,C
15.488614594930132,71.5604666322411,6.643276152276865,63.57094221735793,5.548961546512473,Light (1-2),Medium,Visual,6.05,C
12.302804821967678,67.61368530189216,7.497303988008633,32.34944280205999,7.068090019956183,Heavy (5+),Medium,Kinesthetic,5.47,D
15.794621416758737,56.90523804492249,4.948934473538735,84.18625787517777,7.1361472480678625,Light (1-2),High,Reading/Writing,6.05,C
19.634914721647327,76.75341641056959,6.554056662495348,84.37345515022959,7.223005154683304,Moderate (3-4),High,Auditory,7.19,C
26.102117713017464,55.42919438953497,2.6257096197034753,54.63992558590322,8.103845819145317,Light (1-2),Medium,Reading/Writing,4.6,D
6.335291508212057,89.40083945534404,8.077620161905283,65.32250681200091,8.222707888107879,Light (1-2),Medium,Kinesthetic,5.87,D
29.931233622593865,79.23659629401755,3.689312199604653,100.0,6.286946953142,Moderate (3-4),High,Visual,7.1,C
1.335385403342487,56.13672750802604,9.2061556911722,75.41584078769294,6.260627850341268,Heavy (5+),Low,Visual,5.08,D
13.937504334750917,73.36186384425204,5.90578383086039,90.96438464564324,5.751761546853432,Light (1-2),High,Reading/Writing,6.77,C
19.118220445392033,66.71765391614124,6.118999432523881,70.24010258947425,7.838578804336572,Moderate (3-4),Low,Reading/Writing,6.06,C
16.966943074145227,82.78761765628771,5.37007896904789,48.645456517202646,8.738584130005258,None,High,Visual,5.38,D
10.641103361255844,98.10675669034717,5.981530026940263,77.44612629806142,6.6219016865092915,Light (1-2),Medium,Kinesthetic,5.53,D
13.543144247499074,49.872412955313834,9.053356421266466,76.01593159570842,6.7102833223300085,Light (1-2),Medium,Auditory,6.3,C
11.548993457388171,79.72539118721126,2.021944418236857,74.00182641997444,8.760139068278772,None,High,Auditory,4.66,D
10.87444670139052,75.5980080665004,8.798537694958739,78.28038746740411,7.606669423858009,Light (1-2),Medium,Visual,8.27,B
20.947214679147173,88.07010114675698,7.108442265983075,83.96402407468454,7.523482845761266,Light (1-2),Medium,Visual,7.3,C
17.499108401755333,81.19794942356533,4.327361033857012,77.7482457311929,5.570900192831528,None,Medium,Reading/Writing,5.57,D
10.14963283317542,66.72046002391771,4.564437692511372,61.039907480789545,7.8144736831353026,Light (1-2),High,Kinesthetic,4.99,D
21.297199128032755,73.21419096500072,9.517507448974765,87.29277187342909,5.88503639138829,Light (1-2),Low,Auditory,6.76,C
17.151096646136267,66.05961214794766,4.798087616103084,50.759423670163656,5.639175776878051,Moderate (3-4),Low,Kinesthetic,4.44,F
20.690034831872723,94.14010707897897,4.423969080927273,49.244638140736996,6.583874107879946,Heavy (5+),Medium,Kinesthetic,5.43,D
19.407401893465284,78.31967473007913,8.547166176256512,91.08770742052351,6.2970487318615715,Moderate (3-4),Low,Auditory,6.4,C
9.197034923545495,100.0,7.109395177314646,87.60530408203036,6.7340803667379525,Light (1-2),Medium,Reading/Writing,6.47,C
11.078732718621213,77.0900877927807,4.811733962234483,79.13906952388946,5.270822038570097,Heavy (5+),Medium,Auditory,5.65,D
20.231055235862833,67.37389849634306,6.889924955728314,59.06827242867392,8.150579567761207,Moderate (3-4),Medium,Reading/Writing,6.76,C
19.272591858034254,55.294284110807595,4.6536451694475005,69.38133588988887,8.353223553419715,Light (1-2),Low,Visual,5.09,D
14.853688842250962,50.95290485616083,8.481478517160689,76.05879878470245,4.663189031031023,None,Medium,Reading/Writing,5.35,D
15.821291683161474,54.23796085491765,8.41046773677164,56.0615904713883,8.17414936679986,Moderate (3-4),Low,Visual,5.77,D
23.943654270518977,82.00689976517225,7.457611157879498,68.91457012965151,6.027365644214049,Moderate (3-4),Low,Kinesthetic,7.04,C
10.85900027814919,85.63087534844901,7.15098991024463,89.78495507265019,8.028370644379343,Moderate (3-4),Low,Kinesthetic,6.52,C
18.829681668190265,54.282139469518,9.670138624761272,100.0,6.917864208800301,Moderate (3-4),High,Visual,7.93,B
13.584651432962742,91.42557471114173,6.499435389298806,73.70847871012174,7.034530676897198,Moderate (3-4),Low,Auditory,6.4,C
13.476231577409457,70.75408422474841,4.372626574242558,91.34732531474148,6.777882820694537,Heavy (5+),High,Auditory,5.65,D
22.69143796391033,80.20189517978324,7.309053043098152,51.28909894118799,8.454555045080184,Light (1-2),Low,Reading/Writing,6.57,C
20.77791444291621,100.0,10.0,89.89176861670417,5.512494384969966,None,Low,Visual,7.28,C
20.69456745200447,91.45258973798298,4.673432912265466,67.94077377908778,7.72940840648201,Moderate (3-4),Medium,Reading/Writing,6.18,C
24.138351650080303,73.97204028141252,5.849367019950826,84.61018425061955,8.32159619786746,Light (1-2),Medium,Visual,7.29,C
15.147026891429313,64.63211661877068,7.249602868582615,76.28371372640436,7.8596080966484925,Moderate (3-4),High,Visual,6.21,C
19.773670799064746,45.72276898006042,6.40297127178967,99.80621014675751,9.789638697188101,Heavy (5+),High,Visual,6.03,C
12.828132703845807,67.2127002113637,4.731853555320834,66.88346527490123,6.3652638847303615,Moderate (3-4),High,Visual,5.49,D
17.269164467419095,74.83304641758458,8.519344141214848,89.41409446342746,8.148765787112238,Moderate (3-4),Medium,Reading/Writing,6.87,C
14.088998619426208,63.19230709273224,10.0,75.80738805055199,6.8726912375902955,Light (1-2),Medium,Kinesthetic,7.05,C
15.678971754949027,76.03114549361543,6.853036626243033,77.62541782985504,8.480087291623203,Light (1-2),Medium,Auditory,6.07,C
19.166099178058396,79.15277824438152,4.872677078475199,77.24219160261185,6.9907732051343565,Light (1-2),High,Reading/Writing,7.36,C
9.272455217365692,74.62716027287883,3.711871054903745,67.31490343258831,6.534549061765037,Moderate (3-4),Medium,Visual,3.93,F
29.64671092979822,68.2499612876481,6.964356766198126,79.78851551139992,8.567286644645955,Moderate (3-4),Medium,Reading/Writing,7.66,B
7.957878329502086,80.52982007950092,8.486979217969264,79.06027666817268,6.4101256731772835,Moderate (3-4),Medium,Visual,5.83,D
6.5006797104858745,84.62910974354114,7.355301943691687,83.61860372610094,5.304729089319332,Light (1-2),Low,Reading/Writing,4.78,D
23.106776114500477,61.64401383835731,6.495673086346063,81.26757718539294,6.379783740191406,Light (1-2),High,Kinesthetic,6.88,C
20.54163885774055,99.16398569619405,5.439311026779249,91.96991824418355,7.7428395359062385,Moderate (3-4),Medium,Visual,6.59,C
19.368838719365087,76.52117801573607,4.534105461107439,93.85262924071053,8.67044650190451,Light (1-2),Medium,Reading/Writing,5.64,D
19.39841856484996,78.28274434417271,8.002552387384789,64.24065017258299,7.133355250355814,Light (1-2),Low,Visual,5.46,D
14.914272590071597,88.62321634884836,8.144788918494054,93.03158750886156,8.581836480680831,Moderate (3-4),High,Auditory,7.47,C
8.71921939959918,81.49824196895253,3.7176863839566803,62.20495359335219,5.370190094226888,Moderate (3-4),Low,Visual,4.63,D
15.530631907356085,92.29704950869868,9.36171016072523,88.81783832206602,6.468083842218516,Light (1-2),High,Auditory,8.22,B
10.259868019415219,82.30686247802737,7.533328197609203,89.29608177054303,6.653709859415079,Heavy (5+),Low,Visual,5.75,D
21.825838133924258,68.81343938039343,9.019270361262429,51.33024662506244,6.8625286870329765,Light (1-2),High,Auditory,7.45,C
13.970598329485028,83.42255287809152,4.084170052726793,81.39468869794115,7.100913265900235,Heavy (5+),High,Auditory,5.68,D
9.22151962245242,60.844106890190076,4.04151652025221,72.97255829959526,7.829093148870632,None,Low,Auditory,3.43,F
12.750299108429045,79.62839558664784,6.231855242418866,68.61852113096937,6.466231794195412,None,Medium,Reading/Writing,5.05,D
17.89052017992937,77.5015501403331,7.405011968411349,100.0,7.166834424343751,Heavy (5+),Medium,Kinesthetic,6.45,C
11.053928130372178,74.87824714091191,9.733449481268535,70.19481289043871,6.945852531611138,Light (1-2),Low,Auditory,6.18,C
9.24445723103498,76.07193732841604,7.770942044867237,67.90434606322926,5.88893211533062,Moderate (3-4),High,Visual,6.72,C
16.705810480443386,49.77226431753542,6.06317370173834,81.1354241000764,6.863599973102278,Moderate (3-4),Medium,Visual,5.85,D
16.71476599776106,69.76912638388558,4.6525354262013945,90.28384619447624,6.827608564123458,Heavy (5+),Medium,Kinesthetic,5.63,D
11.451397772402093,79.39267351711672,8.71400103089447,77.8752712098481,6.8019033219963445,Heavy (5+),Low,Reading/Writing,5.84,D
11.70273186067174,80.39784587996101,4.763530233648713,97.49555818503879,7.038111347897741,Light (1-2),Medium,Auditory,5.04,D
16.624349561503454,62.58487288611063,9.43124339859018,87.96463492946135,7.090808248736064,Moderate (3-4),High,Visual,7.55,B
4.863409609518731,96.98561761297051,5.988107630708283,47.326830204028546,6.481245785071204,None,Medium,Auditory,5.39,D
5.147753579364114,65.00737727678249,9.36304773071213,72.05799554739488,8.527257680765517,Light (1-2),High,Visual,5.44,D
9.970890451232947,92.54185800790106,7.722076322106701,71.57236850972451,5.59662324495638,Moderate (3-4),High,Kinesthetic,6.18,C
13.505869938017069,84.40791542807527,6.253408119003575,87.19041430144134,6.134835869836125,Light (1-2),Low,Kinesthetic,5.38,D
17.176352959186033,68.30659035234295,5.565086530712972,40.627744154388324,10.0,Moderate (3-4),Low,Visual,4.93,D
25.327493518646865,100.0,5.886365820777057,100.0,5.754410374012924,Light (1-2),High,Reading/Writing,7.48,C
21.003617362414136,60.095447523652794,7.270970046275427,87.96539142341315,5.3754943903482895,Moderate (3-4),Medium,Visual,6.32,C
13.88043029025601,91.78731260415002,6.63888169319189,82.23315205876537,7.8813720940014615,Heavy (5+),Low,Auditory,5.67,D
14.866886544681178,93.00873477064468,5.431139465476331,97.72351574628719,4.507456175471351,None,Medium,Kinesthetic,6.03,C
7.982294447535338,67.94069686385032,6.201863461428262,100.0,6.717671308033073,Moderate (3-4),Medium,Reading/Writing,5.3,D
14.870408048053271,98.88697950096493,6.64143865349447,93.06119966882605,9.574989910091785,Heavy (5+),High,Auditory,6.8,C
12.979389527559032,74.2493022810157,2.6682786300533383,94.2321964470743,5.14607689341592,Light (1-2),Low,Visual,4.03,F
17.259029922366626,82.33040443919785,7.324702606619658,81.96035036696574,4.621642617113544,None,Low,Kinesthetic,6.17,C
9.209383395133738,81.90482758156831,4.7365017955097475,77.87711369949578,5.200982557650763,Moderate (3-4),High,Reading/Writing,5.95,D
18.635425599688205,75.98536887794178,4.424001674229659,72.86306833992649,8.078031482016383,Light (1-2),High,Auditory,5.77,D
25.729172391018043,90.16212409739673,3.4627801752007215,67.60832012428187,8.349732063982975,Light (1-2),Medium,Visual,6.84,C
14.238678960801996,89.9023308082832,3.2709935038377975,69.69478850450754,6.384893443625789,Moderate (3-4),High,Auditory,5.38,D
17.811982054692592,51.772020401427284,4.060194494397879,59.74166053485526,7.819854884801282,Light (1-2),Medium,Kinesthetic,5.52,D
19.831007941977788,97.56510364317229,5.223762276265117,78.86192823972465,8.668306393014387,Heavy (5+),High,Reading/Writing,6.5,C
12.191456696799147,53.062620179464886,10.0,54.729986341604196,9.14481569731579,Moderate (3-4),Medium,Auditory,5.09,D
16.568647372672917,93.48819306512486,5.553416583388633,82.86374786215566,6.704397662584182,Moderate (3-4),Medium,Reading/Writing,6.45,C
15.088146805472563,94.90057705241375,6.819950191282456,79.45504087936487,4.238233938796016,None,High,Reading/Writing,7.07,C
15.683732689841822,61.63550354677203,7.220866495711392,82.20402947580031,6.014945293108376,Light (1-2),Medium,Auditory,6.08,C
9.588931513011735,71.83778568068122,6.735917335188527,72.16802644970011,6.487834966077691,Light (1-2),High,Visual,5.84,D
15.171571219812598,61.41442997271096,6.360601770693211,100.0,6.689273444105932,Heavy (5+),Medium,Reading/Writing,5.85,D
18.485988038718148,74.77618454566897,4.34847122552136,100.0,6.774568718789537,Light (1-2),High,Reading/Writing,6.29,C
25.158005254565293,73.37948573721388,9.111669586902583,61.33186249872916,8.342673517516802,Light (1-2),High,Reading/Writing,7.71,B
21.71489578259645,89.6949079840401,9.752953958548193,83.49302131140347,8.529314112025098,Light (1-2),Medium,Kinesthetic,8.28,B
30.072277202580892,97.65463119179412,3.4712143505791655,70.87990785594015,6.79399161529026,Light (1-2),High,Auditory,7.02,C
9.628567059783654,98.93525716184934,4.656748536404517,64.78280409938878,8.318181851262182,Light (1-2),Medium,Visual,5.87,D
21.106244457044745,69.56747960132547,5.996341383721389,59.898918933140976,7.429193639957307,Moderate (3-4),High,Kinesthetic,6.11,C
16.283394040168464,74.86167189383208,4.7638319691616555,86.48325036138881,7.077407167435086,None,Medium,Auditory,5.47,D
30.328620532523708,52.74842711668575,7.410737996220558,69.77929647395639,8.087852988531957,None,High,Reading/Writing,6.7,C
9.34191200251394,65.91194900255717,5.189110035668096,94.51739036037806,7.086702457885499,Light (1-2),Medium,Reading/Writing,5.3,D
9.121947104734566,92.47277449646187,10.0,94.90673321795659,9.469373412517314,Moderate (3-4),Medium,Reading/Writing,5.76,D
10.804251481891844,100.0,8.642987469818472,100.0,5.273906599846529,Moderate (3-4),Low,Visual,6.39,C
1.0,59.48476692180117,6.8826332551379865,67.21419850888844,6.381794921089579,Light (1-2),Medium,Reading/Writing,4.85,D
11.319714848234673,69.11303611270658,8.348575273975518,87.13048416038015,6.84817732365526,Moderate (3-4),High,Kinesthetic,6.98,C
9.686071369124114,77.60391364561609,8.490620763843156,89.48681324963451,7.527343228549588,Light (1-2),Medium,Reading/Writing,6.54,C
16.052756505333452,82.2024173822941,5.484894521495162,72.88732737344053,8.521552584523707,Heavy (5+),Medium,Auditory,5.84,D
17.392291830440115,65.85594720117531,5.030808959824464,68.42342063910688,6.970721719316612,None,Medium,Visual,4.3,F
28.133195874511202,84.36091566696135,6.640657513345365,100.0,5.293324420592551,Moderate (3-4),Medium,Visual,7.22,C
21.652966867302354,70.89240979393625,8.050945024096299,83.4124381359808,8.011016675746005,Heavy (5+),Low,Auditory,5.45,D
10.961674410363178,77.78321593682581,6.750308717576152,89.53951626067607,7.905950519370357,Moderate (3-4),High,Auditory,5.9,D
8.711097300561494,86.19426372005549,3.661406332056205,67.66885982258108,4.669769608744713,Light (1-2),High,Kinesthetic,5.12,D
18.44343420054554,78.09633404716406,5.054916000888484,61.71073300216709,6.995435039595041,Light (1-2),Medium,Reading/Writing,6.39,C
5.758367550855505,71.45421164210147,6.36684884553012,71.45825338261834,5.091829803183643,Moderate (3-4),Low,Reading/Writing,4.91,D
27.820211360980476,76.35585294111253,6.363801912213505,78.13967918915004,6.202418682997525,None,Low,Reading/Writing,6.42,C
23.25608084504901,76.67455561191997,10.0,64.03669989773977,5.91662928764464,Moderate (3-4),Medium,Visual,7.28,C
11.715770435267066,72.44983455176808,4.005221703681803,79.85232787024425,7.971117637890383,Moderate (3-4),Medium,Kinesthetic,4.57,D
3.008058296363858,74.11805905999347,7.410060635304575,54.6724221789725,7.14019620900662,Moderate (3-4),High,Auditory,5.3,D
24.47710661915789,100.0,9.18040359499092,63.199288662951915,5.457290799092767,None,Medium,Visual,7.82,B
14.198221083231674,86.41379171911858,10.0,90.06366872415313,8.056079155548812,Moderate (3-4),High,Auditory,7.18,C
23.664714183814233,73.56779522956259,5.77208463826887,89.05685780416842,5.279433011285903,Moderate (3-4),Medium,Kinesthetic,6.53,C
3.8390063884394294,88.45431606766104,7.384573014896359,74.121848519197,7.396136548565132,Moderate (3-4),Medium,Kinesthetic,5.46,D
10.80437483932359,72.99270765365985,7.525568642957564,64.7335353638457,6.023187196850133,None,Medium,Visual,6.18,C
15.036705898027282,95.59686956379961,6.8518671167959235,64.58894672710983,6.561187500963376,None,Low,Kinesthetic,6.28,C
15.328864156353195,83.54463288297141,6.322078637769249,74.40097631088028,7.605124897646061,Light (1-2),Medium,Visual,5.39,D
11.849541699645295,76.39046783993656,7.2847557011000825,89.66777737467937,7.625739278871435,None,High,Visual,6.49,C
19.35994952643249,84.71575388715416,1.941957046604566,93.92368537016486,8.604362888267152,Moderate (3-4),Medium,Kinesthetic,4.85,D
7.526656994321839,54.43685771897251,7.727725082112737,72.55202396777047,6.9012955603942565,Heavy (5+),High,Kinesthetic,4.7,D
14.003343604850945,61.09848796635292,6.727120226591541,62.697613610228245,7.3677410355560085,Light (1-2),Medium,Reading/Writing,5.16,D
15.842069421983291,60.091124904014166,6.099545185799123,84.017654567995,6.474715213114811,Moderate (3-4),Low,Reading/Writing,6.53,C
18.601071838411244,80.1441464214556,10.0,67.64697544061227,7.218387859147358,None,Medium,Kinesthetic,7.45,C
19.98130414662223,100.0,5.285118766177006,72.22621041708196,7.527383257610214,Light (1-2),Medium,Reading/Writing,7.5,B
7.127505357134916,100.0,5.774463219682945,99.87914135655556,6.882028183054749,None,Medium,Kinesthetic,6.43,C
4.261200804850644,87.57076652161136,10.0,92.40673142848652,4.835499419089004,Light (1-2),Low,Reading/Writing,6.12,C
23.94373775328956,85.51266712416685,5.002289651270258,82.36961468377177,7.397765075597074,Heavy (5+),Medium,Kinesthetic,5.92,D
17.326198083857143,50.984133987708915,5.50979249071423,60.921214983309156,7.437473772826548,None,Low,Kinesthetic,4.94,D
9.760594244104125,69.85989300398967,6.23535423782447,83.17094851205988,6.183791828382459,Moderate (3-4),Low,Visual,5.3,D
25.858063828657663,66.18324372137641,8.013322067833188,95.93985936181289,5.458735556712983,Light (1-2),Medium,Kinesthetic,6.87,C
15.809722440050011,68.68728602623327,6.874044513235964,74.36549501351696,8.771054980604758,Heavy (5+),Medium,Auditory,5.07,D
23.255080288446784,75.47784272122816,4.173274375125928,100.0,7.589734613073283,None,High,Auditory,8.29,B
15.472629369870763,70.91864133454308,5.542096586371059,99.3911793427731,6.725102762893949,Light (1-2),Medium,Reading/Writing,6.05,C
29.42523547417391,48.310502844363185,5.40676202021802,100.0,5.635560540223015,None,High,Visual,6.65,C
27.287385897102432,89.218653841763,6.361002118598518,84.57864689797029,6.013822205894385,Light (1-2),Medium,Reading/Writing,7.27,C
13.257250960646486,61.9088546139029,7.266518585533692,88.81087549709018,8.563108476143478,Light (1-2),High,Kinesthetic,6.49,C
21.80099665668049,81.58870296166724,7.252770360598349,100.0,7.165194329041655,Heavy (5+),Medium,Visual,6.99,C
19.51763164709603,100.0,3.303178842712876,86.71090905603464,6.339295519599152,Moderate (3-4),High,Auditory,6.97,C
24.58042090272644,64.20923112620365,8.415093777609542,72.48148838314681,7.6116270774695876,Moderate (3-4),Medium,Kinesthetic,6.7,C
8.245535775939269,40.04568715880505,6.954623922793922,73.27185745208207,6.022722175064412,Light (1-2),High,Auditory,4.87,D
19.802360219989076,73.70993667179833,8.992157685669032,83.57832430660609,8.801011636336455,None,Medium,Auditory,7.07,C
22.408971407947114,94.51439452497857,7.299556989123209,60.64157867080672,8.62336064187607,Light (1-2),Low,Auditory,6.34,C
2.6888235950381993,100.0,8.482381323924372,77.85111626953712,6.440111114556668,Heavy (5+),Medium,Reading/Writing,6.86,C
6.717190411339574,59.55675608321375,7.339781560610229,96.4482067734538,6.245595703562968,Moderate (3-4),Low,Reading/Writing,5.86,D
1.0,85.45048834854782,8.923206361164947,47.13119223252078,4.0,Heavy (5+),Medium,Kinesthetic,5.21,D
13.114152158888096,71.0203431482992,7.440051144832001,100.0,5.222103074138358,Moderate (3-4),Low,Auditory,5.19,D
20.022795790571735,76.41077468543797,6.323752556402773,96.83561328054739,5.3926362700506925,None,Medium,Kinesthetic,5.79,D
25.516499364672196,100.0,10.0,73.10353076254286,7.162228409184863,Light (1-2),High,Reading/Writing,8.81,B
15.518663462938427,55.4554450740727,8.100266820103805,88.15086241807714,6.608519554670369,None,Medium,Auditory,6.38,C
26.400308818999044,81.8060949224186,7.5327399578079435,80.0472159035949,5.38559741510171,Light (1-2),High,Reading/Writing,7.58,B
5.3392897924957605,85.01539757648149,4.202652050230995,98.44985552658025,6.662603149042531,None,Medium,Reading/Writing,5.01,D
3.076322924513917,94.2867948740902,4.181046288565632,94.74024714154912,7.606404577176818,Light (1-2),Medium,Reading/Writing,5.09,D
14.611166107723669,79.46974730206342,7.026887867855336,58.99893915225486,7.633407219898705,Moderate (3-4),High,Visual,6.42,C
17.68845814257515,82.62075809256153,6.7619381559828335,88.80893620196265,4.720395662969342,Heavy (5+),High,Visual,5.56,D
14.771136763341348,72.12527148867314,5.394579382985031,76.91558219535129,6.846083823419403,Moderate (3-4),High,Visual,5.48,D
1.0,82.0369041186766,6.753768859301708,81.2424885577715,5.339991067634068,Heavy (5+),Medium,Visual,4.8,D
14.376159723410481,72.85211586753884,9.359528470478473,69.07742148545276,8.082074436568329,None,Medium,Reading/Writing,7.36,C
5.868713496466027,87.32357834784077,7.751724454190538,100.0,7.9409756996241985,None,Medium,Visual,6.03,C
19.68770784181027,72.45584495934548,4.446184682445072,95.60092729853864,5.92236732841065,Moderate (3-4),Medium,Reading/Writing,5.93,D
17.566187722677938,83.6565059085328,6.299284111142701,68.90343254040549,6.08074575711952,Light (1-2),Medium,Visual,6.31,C
8.420841495708514,77.56105779472533,5.05106033446539,59.98084089634651,6.4464795394020316,Light (1-2),High,Auditory,6.11,C
11.402931578643145,94.89075376158252,5.80214015046459,74.21491053533228,4.296647926322393,Light (1-2),High,Reading/Writing,7.06,C
7.585505346777339,77.22909414617271,5.755491801866643,86.51753969136959,7.403161808128692,Light (1-2),Medium,Visual,5.58,D
14.561246319087797,51.40451297689678,5.64023795131279,83.60308765919335,6.6725865443918435,Light (1-2),Low,Kinesthetic,4.68,D
21.68599624350867,96.92882251070988,4.240756330447889,98.79699237152366,8.16421009908143,Light (1-2),High,Visual,6.82,C
8.099917675651195,64.41401548706071,6.270221573267258,91.84879583271278,5.681908938444937,Light (1-2),Low,Auditory,4.97,D
18.52832560862491,68.1935049202677,5.490906253674842,94.5435353862936,6.2570524621000825,Moderate (3-4),Medium,Kinesthetic,5.63,D
11.288196671392914,69.06508058934762,1.2269923579959174,84.90283100915656,5.192169690353062,Light (1-2),Low,Reading/Writing,4.11,F
9.449890174163592,98.61657139756227,10.0,59.16051904683515,5.794851323806896,Light (1-2),Medium,Visual,7.15,C
14.250787480318095,45.96488679031957,8.45978537759001,77.06452203279648,5.581621604718137,Light (1-2),High,Auditory,6.73,C
7.753303743064381,100.0,5.822658695135007,95.90134609862999,8.195168414615734,Light (1-2),Low,Reading/Writing,6.56,C
11.124454862569726,93.84085213599077,6.5338742895330775,79.22715607213031,6.162085781498329,Moderate (3-4),Medium,Kinesthetic,6.91,C
6.614854751878061,81.3485837119374,4.391022174828389,87.5463555293562,7.149010821693536,Moderate (3-4),Medium,Kinesthetic,5.04,D
28.753075930414724,77.1765899907557,9.552301180059558,75.218775271308,6.543083915365835,Moderate (3-4),High,Auditory,8.71,B
15.2468448638021,82.28331112286486,9.9151196505916,64.55282227187233,5.476641680784624,Light (1-2),High,Kinesthetic,7.24,C
10.1019214440519,85.81683642569007,6.782048710843744,78.14983903930835,6.798039492194029,Moderate (3-4),Medium,Visual,6.54,C
16.497859375139555,87.67823378925085,8.342355159533621,84.6357116454898,7.718923998236313,Moderate (3-4),Low,Visual,7.12,C
14.213703652164192,86.33406699005172,6.815516202081063,70.16468420807834,5.550688728947978,Light (1-2),Medium,Kinesthetic,6.59,C
13.453212803267439,79.34371021882873,4.093894210023325,76.46433132714998,7.970935348877655,Light (1-2),Medium,Visual,5.45,D
19.299166900303977,75.03992369539012,5.758717935865417,65.90805137021026,5.980334894226765,Light (1-2),Medium,Visual,5.59,D
20.302553970331136,75.73090074519732,6.737470340189523,96.78867376346145,6.4204192887125915,Moderate (3-4),Low,Visual,5.53,D
11.286491966726308,75.07637579470979,5.6818141062618,75.58316363617949,7.636819747612058,Moderate (3-4),Low,Auditory,5.01,D
10.96927231548724,95.00655145300597,6.106424100616935,100.0,6.203876611336614,None,Medium,Reading/Writing,7.14,C
13.074638119938491,86.90335083421293,6.335480796483594,100.0,7.045089831203039,Moderate (3-4),Medium,Reading/Writing,6.25,C
1.0,33.8941704800358,6.354418703842169,78.78431052917384,6.622371005454289,None,High,Visual,5.15,D
4.393662564610134,87.83851164794642,6.594065282895469,64.87326901178976,7.155241608044582,None,Low,Reading/Writing,5.51,D
24.568119872111673,80.92104292078162,4.590910880486119,48.71153183399994,4.143113073371803,Heavy (5+),Medium,Kinesthetic,5.13,D
26.514773994508985,77.71936865331153,5.2093709315697145,57.919443904598126,4.804381821750301,Heavy (5+),High,Kinesthetic,6.84,C
13.256747723105352,72.17222320366672,4.187748321740055,59.3924776265201,7.739160407256206,None,Medium,Auditory,3.4,F
19.035898741390366,94.86169079979021,8.26006798943516,100.0,8.24461768677886,Light (1-2),High,Kinesthetic,7.47,C
17.17875108180475,92.21289693184286,2.709835504687416,81.73736880840418,5.907415955762175,Light (1-2),Low,Reading/Writing,4.64,D
36.55216565918666,66.40683498264586,8.576462617970465,85.84406786137981,6.707165977394639,Light (1-2),Medium,Visual,7.6,B
22.83702438004204,84.10578430686803,8.995428915073118,46.69368486597311,7.353663103482762,Moderate (3-4),High,Visual,7.59,B
14.104576859634633,63.42514898188071,5.956074943431282,62.03050356174107,7.831861121990445,Heavy (5+),Medium,Visual,5.3,D
8.311216915797019,57.305727528166045,1.8143532419108626,93.3061966466943,4.566787273994981,Moderate (3-4),High,Reading/Writing,4.63,D
3.7548757581969916,68.59924163115052,5.849640988458877,84.30161168573879,5.936751703625948,Light (1-2),Medium,Visual,5.42,D
16.42424545107056,90.93590208574138,6.384468509680126,77.79192081971604,6.60090474418015,Moderate (3-4),Medium,Reading/Writing,5.88,D
9.705544783009877,92.2968756806413,4.680923204127955,88.47263537900184,7.843768236683259,Light (1-2),Medium,Visual,5.17,D
5.044224032816281,85.6962813014594,5.572606891145163,100.0,9.998116580465794,Heavy (5+),Medium,Kinesthetic,5.7,D
10.473989810302314,88.87643680271995,9.254351357954032,76.68436304694424,6.726393127828339,Heavy (5+),Low,Auditory,5.83,D
7.429163974699235,85.74267430672438,7.696868892143134,81.04054703987104,5.3116270454752135,Moderate (3-4),Medium,Kinesthetic,5.13,D
26.809991445507954,68.37777607165572,4.835784594119421,82.88895378096957,7.482721692641558,Light (1-2),Medium,Kinesthetic,6.7,C
21.171478298646154,84.47883817010911,3.624321494728222,100.0,8.585194947448851,Light (1-2),Medium,Visual,6.93,C
14.944191510783678,90.00614287841523,5.911368828302412,48.50965603371462,7.1296169451754015,None,High,Auditory,6.92,C
25.35960897223018,89.31436994720362,6.115777797169211,90.24834522183212,5.912021745814849,Moderate (3-4),Medium,Visual,7.0,C
15.541578153533328,95.83370057211964,7.393158537253969,78.27796626861405,8.149592729776023,Light (1-2),High,Kinesthetic,7.6,B
8.971010590702154,88.62455770801596,5.536429917378213,88.5015758927627,7.796254742198122,Light (1-2),Medium,Reading/Writing,6.65,C
25.661868540887603,83.27172311312374,7.420699235651351,70.13941169007913,5.768702986965251,Light (1-2),Medium,Visual,6.72,C
18.77237030579261,94.05225357474642,9.983277272108413,79.26552453712324,7.45771074104121,Moderate (3-4),High,Visual,8.72,B
7.739276919714805,77.6021811112641,7.967901840399673,90.67115869198243,8.196718681190648,None,Medium,Auditory,6.38,C
13.667629253414743,64.77188023158423,6.413440686804609,100.0,8.418268051070672,Heavy (5+),Medium,Kinesthetic,6.25,C
8.870672226306699,75.55399554084354,6.1703291521040695,92.12054284103107,6.920261229628653,Heavy (5+),Low,Reading/Writing,5.29,D
5.320401883249648,66.82646032790326,5.857988358476232,67.27901602954238,6.5703046645848175,Heavy (5+),Medium,Kinesthetic,5.21,D
21.48324283272149,67.87232587538428,8.62515364241386,73.64360476965945,8.472728586497515,Light (1-2),Medium,Auditory,7.08,C
28.365916483290913,75.83221993926723,5.370835797287655,73.19878837424218,5.547807396422938,Light (1-2),High,Visual,6.23,C
5.210026983266012,66.11370118500058,6.581400876199969,53.06535241054978,7.526295149105207,Light (1-2),Medium,Kinesthetic,5.62,D
18.940784656833998,73.38057705541439,6.592156223385953,75.04864712447844,5.355968047162685,Light (1-2),High,Visual,6.25,C
10.445502016147211,49.59577999569321,5.596788452939243,90.99243622732618,8.278451526711523,Light (1-2),Medium,Kinesthetic,5.83,D
11.590122313647129,81.19940561059408,4.029562013808619,60.88651821384808,6.6903453812666065,Moderate (3-4),Medium,Auditory,4.76,D
10.853242530327915,78.01808213043337,7.081354106511803,95.72723976575888,8.522299882776963,Light (1-2),Medium,Visual,7.01,C
8.952064612241287,65.74367053397714,6.390192850660309,87.31662231626507,7.5896953076266325,Heavy (5+),High,Reading/Writing,6.5,C
15.339651395613789,87.88868502648607,7.400432844985826,68.98650017043443,5.532135723925684,None,High,Kinesthetic,6.96,C
9.183349185122736,92.06355206439838,5.5395194484095,77.87705543993229,8.709553278492692,Moderate (3-4),Low,Kinesthetic,5.48,D
16.893197780458873,53.88660203446538,8.697478337863487,100.0,8.861494319713275,Moderate (3-4),Medium,Visual,6.95,C
14.648333233856041,66.55912832150679,4.92180719381868,91.00321720258799,8.058743791119058,Moderate (3-4),Medium,Visual,4.53,D
13.327363671935132,66.46286475319053,9.581672511232206,80.13175482347222,6.0860945619565365,Heavy (5+),Low,Reading/Writing,6.15,C
8.647054365708815,63.90145348336703,3.354254282309129,76.43475024558524,6.632783254771109,Moderate (3-4),Medium,Reading/Writing,3.84,F
10.96260068602167,90.44212262897622,7.282586116202404,81.14913605677489,7.174512660886911,Heavy (5+),High,Reading/Writing,6.79,C
20.287738580780292,75.09260791840795,7.355775228547922,72.32354663086545,6.15554752080228,Light (1-2),Medium,Visual,6.0,D
18.506420313370665,74.03227738034084,5.067997277706412,48.42875741421478,9.030815886955846,Light (1-2),High,Kinesthetic,5.34,D
8.157113286410143,47.9420645338987,7.2639090881498225,100.0,7.173191766071244,None,Medium,Reading/Writing,6.46,C
15.695326138004582,87.53127045313839,8.803133605568286,82.32987498799102,4.0,None,Medium,Kinesthetic,7.34,C
20.259709863602524,59.41112407719791,2.509726089162684,85.97220897683806,7.407226975307465,Light (1-2),Low,Reading/Writing,4.72,D
3.3141630321503968,78.89898945399493,7.404940653483466,79.13138375184637,6.582211123819224,None,High,Auditory,6.17,C
18.803521346659544,82.16065406937288,2.01211252340586,68.97324798913118,6.9100881326578625,Light (1-2),High,Kinesthetic,5.28,D
10.361633687379072,98.40987893757976,4.761803353658225,77.21113278576844,6.55765676105716,Light (1-2),Medium,Reading/Writing,6.07,C
18.994190680152116,58.367694013213324,9.432499456821702,56.00907856708533,7.9684556999280245,None,Low,Kinesthetic,5.68,D
9.657185904202382,32.70731766268762,5.452792339894303,100.0,8.343625334264058,Heavy (5+),Medium,Kinesthetic,5.11,D
2.365825295348367,80.75774317130542,4.387016064063849,61.48232002366406,7.339663794710384,None,Low,Reading/Writing,3.99,F
3.6072029348178614,100.0,6.143712087827573,64.5205057422923,6.592826575434209,Moderate (3-4),Medium,Reading/Writing,5.26,D
15.336594626629674,96.58419529409156,10.0,73.39611193420399,6.950395354228996,Light (1-2),High,Visual,8.05,B
16.818057512050373,81.14489122911938,3.202971955029153,99.32113587278566,7.023519539893154,Heavy (5+),Low,Visual,4.68,D
8.66978362426914,70.62545721551929,4.607642159049179,80.2176349889398,6.037083952162196,Heavy (5+),High,Visual,5.41,D
19.470147211441617,90.10683894955966,9.195377029723328,61.45796305954306,7.694714378285481,Moderate (3-4),Medium,Visual,6.87,C
3.36935956411728,63.39680700443297,9.84386421836792,98.81507541136008,7.55205078863256,Moderate (3-4),Medium,Visual,6.58,C
14.537441409468784,85.14536654034329,6.313823796277489,90.96500940178223,8.848529487732009,None,High,Auditory,7.47,C
6.522886601662803,85.5820523874994,4.269705135452043,88.07652435824679,8.50641973634617,Heavy (5+),Low,Auditory,4.24,F
10.437147245384885,93.90314861248319,10.0,90.7360136175626,6.177190098891844,Heavy (5+),High,Auditory,7.48,C
15.331790699214897,100.0,9.369996305148554,100.0,7.9843580494107576,Heavy (5+),Low,Visual,7.4,C
8.977106443012334,83.88623950768151,7.722104577972019,100.0,5.8588559402866345,Moderate (3-4),Medium,Visual,6.18,C
12.308111190391223,70.36554561438751,5.037675771912644,69.69926985495057,7.8351185211290195,Light (1-2),High,Reading/Writing,6.11,C
22.044049664501085,77.61638531712008,6.411747186491534,100.0,6.38006296148787,Heavy (5+),High,Reading/Writing,7.4,C
10.961756913337958,51.46386142666323,6.211351854119305,85.7475228463835,5.772096131949299,Light (1-2),Medium,Auditory,5.84,D
20.849844784455993,67.57930303366413,7.09553234830804,87.48643724206624,7.336054411236885,Moderate (3-4),Medium,Reading/Writing,6.26,C
7.092052017396673,71.86076342830344,9.111802588636404,54.61593752535007,4.0,None,High,Kinesthetic,5.66,D
18.70862924540698,70.13867403098111,8.082950674047325,77.44421351917705,4.898829310713726,Heavy (5+),High,Auditory,6.6,C
25.090980344605303,80.28532308050583,4.560723061427435,67.80764614495152,6.78700973947086,None,Low,Reading/Writing,5.16,D
1.0,65.66370101426699,8.977693610035168,92.42088222339964,7.098930119961811,Light (1-2),High,Kinesthetic,6.69,C
9.421733211706663,94.81546000986707,7.06363785202368,96.06620750604208,6.556817475810173,Moderate (3-4),Medium,Kinesthetic,5.74,D
19.03950489026378,78.00310597377296,7.736718432546049,48.88270473475533,5.1046764415388814,Moderate (3-4),Medium,Auditory,7.23,C
13.578682297699052,77.86049518292079,9.139773546701486,79.66947703993594,6.018529789433794,Moderate (3-4),Medium,Reading/Writing,7.39,C
17.598021113599163,73.08157925230623,4.499155550875608,96.82792257191377,7.469451192684873,Light (1-2),Medium,Visual,5.94,D
10.772103692989255,80.32786025788468,6.435513958328367,77.19981556529832,7.698138124754035,None,High,Reading/Writing,6.84,C
15.606128512310299,90.37647397001452,5.543381807553413,90.93595467503546,6.98053225888487,Moderate (3-4),Medium,Kinesthetic,5.29,D
13.910259352255444,64.9930467643365,3.6778530343421796,85.26748201440626,8.388200537244387,Heavy (5+),High,Reading/Writing,6.68,C
23.174474431618652,68.12825266387115,7.124077959688856,85.1249034792894,7.4768764281510816,Moderate (3-4),Low,Kinesthetic,5.85,D
16.780945903108492,73.44410956835003,10.0,75.93027532897554,6.103053215250146,Light (1-2),High,Auditory,7.55,B
17.363218634526415,57.811936147901775,3.187860059889645,61.751287937964356,6.663397535906059,Heavy (5+),High,Kinesthetic,3.83,F
12.116861237142729,65.71113210417754,6.441894900110953,63.17704778862459,5.316560611350575,Light (1-2),Medium,Reading/Writing,5.71,D
11.586756431492546,70.85668689683011,7.652977283134592,90.64028771682976,6.8702332115303,Light (1-2),Medium,Visual,5.79,D
11.972092685262654,91.11583771069091,6.721540762981126,80.29187383278325,8.334520743065607,Light (1-2),Medium,Reading/Writing,6.51,C
17.761164996648077,81.93841993502888,6.2963695054716675,77.92231633089163,7.822348101653161,Light (1-2),High,Visual,6.63,C
12.053108634258159,80.90384867051317,4.161410545797516,73.64164936516471,8.682411191102947,Moderate (3-4),High,Visual,5.17,D
17.02842399827489,90.76346943251959,6.919016137292295,75.42216731778872,6.636537707441208,Light (1-2),Low,Kinesthetic,5.72,D
29.52780559051807,75.93942317400905,5.137824841371333,95.7036769173221,8.61531975341711,Light (1-2),High,Visual,7.58,B
21.097872924021846,83.85697274893334,2.558140931038604,74.9713387719796,6.768034928262436,Light (1-2),Medium,Reading/Writing,4.84,D
12.717835274825113,76.45167370601256,8.650265996924716,59.88402930047647,8.765902099083872,None,Medium,Visual,5.98,D
23.408497455147614,81.98043524099442,8.225094475715677,91.1547766331026,6.973771903069451,Moderate (3-4),High,Visual,8.17,B
12.14347238884914,69.25862013582626,6.592989758331943,76.92685004202924,7.848677648565132,Light (1-2),Medium,Kinesthetic,7.07,C
1.0,41.41774262585356,6.912334438770265,80.47093798299164,8.770134837171828,None,High,Auditory,5.4,D
7.943395823578172,75.98581256720544,8.43377242288801,100.0,6.767886845702553,Moderate (3-4),Medium,Reading/Writing,6.03,C
1.9044565528190098,99.3412220414991,6.903811382200549,79.6915916397424,7.262066785053009,Moderate (3-4),Low,Reading/Writing,5.25,D
12.539405611710839,91.89323103362389,8.127231598570367,84.33775509678088,8.546636110247563,Moderate (3-4),Medium,Reading/Writing,6.87,C
15.128928654326861,92.48096226886756,5.96453203842707,62.31614763052512,6.840396203283924,Light (1-2),Low,Kinesthetic,5.39,D
26.73506118592698,96.54196082709326,8.861570729433105,76.7049582147356,5.414929260992607,Heavy (5+),High,Reading/Writing,8.58,B
17.288491616349138,79.32986386442155,7.077414306678831,89.14289067812902,9.571608465501892,Heavy (5+),Medium,Auditory,6.56,C
13.46629629833795,80.95973561108393,6.849293498490574,56.669393992381366,6.436282642795436,Moderate (3-4),Medium,Kinesthetic,6.09,C
20.805839068284424,68.73522156848475,4.213890040318342,83.01267639673564,7.190507261125052,Moderate (3-4),Low,Visual,5.04,D
1.0,73.25890715959426,7.016520537743076,81.5118660896721,8.387208003341353,Light (1-2),Medium,Reading/Writing,6.19,C
16.649301906759963,87.23656724656712,5.002481148509988,80.6193118338116,6.2698073155225575,Heavy (5+),High,Kinesthetic,6.03,C
20.396056357208767,96.05826655753225,5.35109109224871,95.55738347987365,5.790558504133443,Light (1-2),Low,Reading/Writing,5.89,D
4.6498962795411085,75.908305864785,5.032323869030982,85.01657772272782,7.3044847561298,Light (1-2),Medium,Kinesthetic,6.15,C
23.006278302448504,71.24716102722883,4.580777122581395,100.0,4.848308322505133,Light (1-2),High,Reading/Writing,5.82,D
17.369474852460897,78.00791938284895,10.0,65.09615726608946,6.654512707758496,None,Medium,Kinesthetic,6.59,C
12.092984602694392,87.01810123393672,8.896410311579125,82.03886850827521,7.294046397178487,Heavy (5+),High,Kinesthetic,6.75,C
19.429473062743995,56.34217775799687,9.95666150385967,81.26700179584921,6.676057723809803,Moderate (3-4),Low,Visual,7.79,B
30.894850004630772,43.55728570294143,4.298788964799985,63.9611825936738,5.147858868177104,Moderate (3-4),Medium,Visual,6.26,C
16.273063785409466,69.74194725762625,6.628256749839607,94.34442503137019,8.913013547444814,Moderate (3-4),High,Auditory,7.51,B
16.73754410410235,59.689313611287616,4.171686274632627,100.0,7.124245784739011,Light (1-2),High,Reading/Writing,5.93,D
11.784473703218291,70.37789703529033,5.247749221045285,79.74490888274254,8.71738254131409,None,Medium,Visual,6.66,C
9.051089413746457,75.78329521773793,4.847371429850165,87.57531632410651,6.687956499783466,Moderate (3-4),Medium,Visual,5.42,D
20.81235071580972,71.2012738646548,8.731251211594811,81.26777713722991,5.943985621971083,Moderate (3-4),Medium,Auditory,7.35,C
9.007413218637929,99.78701301706118,5.786786579416832,69.29622995139236,7.323017104306192,Light (1-2),Low,Kinesthetic,5.49,D
15.500963660535747,82.90117146903481,8.42308280064923,52.68859583296975,6.7410554484061365,Moderate (3-4),High,Reading/Writing,6.86,C
11.656397872644183,82.50711539416243,7.587417601259332,69.41339775356953,5.58668625041037,Light (1-2),Medium,Auditory,6.0,D
18.352858780224743,87.33310716065102,10.0,59.120624285724034,8.763741110544995,Light (1-2),Medium,Visual,7.31,C
17.33563473700864,60.917503233288464,3.8370003983484966,100.0,6.253275732527205,Light (1-2),High,Auditory,6.22,C
22.262779609805293,93.58667681130403,8.766619831616238,78.27335459115142,4.7916803382453175,Light (1-2),Medium,Visual,7.69,B
11.42988520801677,76.8635357019681,8.563593566721309,74.81121006429244,8.5937992647488,Moderate (3-4),Medium,Visual,6.41,C
13.110875452946402,88.05720925861819,4.7479180915513375,93.33730737181709,6.394842381024852,Moderate (3-4),High,Kinesthetic,6.93,C
8.148653989523847,61.92214150439767,8.312840005651687,63.17373345716168,6.270611328861251,Light (1-2),High,Kinesthetic,4.62,D
11.88994717946722,54.693618509759034,7.105060933447212,68.49703942993172,4.881534895564031,Moderate (3-4),Medium,Visual,5.54,D
17.641103451313967,90.26834487037543,6.090542732083866,81.02108403872931,9.08912978391639,Moderate (3-4),Low,Visual,6.41,C
20.298920316517464,83.64614289146274,5.0169161234504,95.43153487135221,5.452623295348375,Light (1-2),Medium,Auditory,6.87,C
8.544842730756622,64.46922668463735,5.205602987391465,87.52527567753182,7.07013937684678,Light (1-2),Medium,Auditory,5.17,D
21.08724144073962,64.95505378087958,10.0,83.72487713773823,8.095144387048528,Heavy (5+),Medium,Visual,7.28,C
24.489465011634657,94.88152176622154,6.501229074123469,81.17176602854025,7.506060319603717,Moderate (3-4),High,Auditory,7.96,B
17.894044322565907,60.15882160699008,7.907834002756626,86.00353783290163,6.92841482560937,Heavy (5+),High,Visual,7.48,C
28.13757068790646,100.0,5.076381112998404,83.02479357693882,4.9580009700551,Light (1-2),High,Reading/Writing,7.37,C
9.58347560627499,64.49068898028197,5.09626469680105,64.55041587834596,6.028330197079259,Moderate (3-4),Medium,Reading/Writing,4.92,D
6.2874170768200806,87.57587888412574,8.447572656649896,80.69118832449728,7.225360405651027,Light (1-2),High,Reading/Writing,7.84,B
2.5489582576700496,73.07072286376523,4.070762819207242,63.89467011623371,6.055391116015604,Light (1-2),Medium,Auditory,3.19,F
25.47231018042428,87.04781146623515,5.752615217770511,81.21623814351236,7.2440313519985216,Light (1-2),Low,Kinesthetic,5.99,D
19.580559594478405,69.83828996828711,6.561249339930018,72.79028087767638,7.81809209057817,Light (1-2),Low,Kinesthetic,6.5,C
14.610907303626815,75.55810640891559,6.700470683312094,100.0,8.155003462960122,Light (1-2),Medium,Visual,7.09,C
16.95978038423874,78.61378763093582,6.1776320869709185,79.40158424372432,5.52858477062478,Light (1-2),High,Visual,6.91,C
7.121576668911365,62.96718816327791,7.212475605972662,58.93640650607617,9.635975265974745,None,Medium,Reading/Writing,5.16,D
32.12026385731778,89.11236518130188,7.747140360472061,77.98729683984614,7.920975213464956,Moderate (3-4),Medium,Visual,7.29,C
15.904548273826592,70.30179650292622,7.822347581826794,87.79038118456832,6.997943015597123,Light (1-2),High,Auditory,6.77,C
15.76576356223425,74.57100126989972,4.725553144397912,100.0,8.307443899691968,None,Low,Reading/Writing,6.33,C
20.080366367290843,63.08475938087231,5.988520823728165,71.15821400091923,9.838489326399968,Light (1-2),High,Reading/Writing,6.31,C
18.36706462215699,39.56499511807034,8.650573151378488,56.2635803896454,5.2735358787317566,None,Medium,Auditory,5.74,D
16.56718816995392,75.13458356099747,8.11036493763297,92.25255517146472,6.729684829010376,Moderate (3-4),Low,Reading/Writing,6.01,C
9.466678811882817,100.0,4.028852987334085,59.29101941150523,4.145882008152006,None,High,Kinesthetic,5.82,D
18.300278499951972,89.76906431847036,7.132663820633963,73.45766837738772,7.23118183917763,Moderate (3-4),Low,Visual,5.92,D
28.174171475325238,77.71109430398408,2.9391945511253414,76.13569271733509,7.438473090310169,None,Medium,Reading/Writing,5.81,D
24.417940323084842,74.05663756187599,6.584482823708665,78.95549820049838,6.953005461468688,Light (1-2),Medium,Visual,5.87,D
26.15230638647578,78.3369883921807,9.915980630142759,90.33746685611503,6.214559714802029,Heavy (5+),Low,Visual,6.54,C
11.421490264981704,86.20678672762816,4.793793108915825,69.74548576570419,4.54058258057401,Moderate (3-4),Low,Reading/Writing,4.85,D
8.072766258189933,60.28780777036732,4.998218518115152,75.89406121749859,7.448240420094122,None,Low,Visual,3.76,F
14.119491559302464,94.71482542003308,7.875253606831147,79.78594470575918,8.74652138069839,Moderate (3-4),Low,Visual,7.48,C
15.390074386020862,88.73071973161866,3.7229572726226374,82.24396936278183,6.290777853119882,Light (1-2),High,Visual,5.07,D
22.65934062929664,88.77278588561902,5.36104094620693,81.46740762061884,7.528071914827774,Moderate (3-4),Medium,Reading/Writing,6.1,C
3.152747591996265,84.57713608214591,7.573594047647155,86.5400866283387,5.11822682389594,Moderate (3-4),Medium,Reading/Writing,5.82,D
25.706852236224297,78.29424986540985,5.358285474159074,92.65759264462606,7.548655676431016,Moderate (3-4),Medium,Visual,6.41,C
13.893944709947075,88.09291853950229,6.075254023020251,85.88951173476453,6.527941242706412,Heavy (5+),High,Reading/Writing,5.97,D
12.011832510368059,86.87721200612067,7.839534278567062,86.80378285263828,6.0850984592765025,Light (1-2),High,Visual,6.67,C
7.915269373178828,72.68938933588464,7.25878295036581,56.266652498802834,6.087563630540643,Moderate (3-4),High,Reading/Writing,5.38,D
3.416003296939614,69.39597340654649,6.980273113331723,80.75341548748521,6.5276661015603885,Light (1-2),High,Auditory,5.74,D
20.762194087733402,79.5278444289298,5.88957989731393,87.19261322002413,7.458919978831043,None,Medium,Reading/Writing,7.46,C
15.513225770318828,100.0,7.16611000748412,90.93411791855675,5.425404158565379,None,Medium,Kinesthetic,6.79,C
5.970273701812623,59.41339386519149,6.277281175820438,69.61473838649309,6.5234616021185765,None,Medium,Kinesthetic,5.41,D
5.934448595554688,55.9871210137134,7.3240500978664125,70.11441087667032,6.950233866401023,Moderate (3-4),Medium,Visual,5.39,D
12.649507104969103,80.47141261854775,5.605522354787639,71.38848987074603,5.681152930561769,Moderate (3-4),Medium,Kinesthetic,5.94,D
26.68315067702575,78.76331552784028,6.171375846116826,88.04620849837015,9.155998242010021,Moderate (3-4),Medium,Visual,5.52,D
13.182860540454767,80.60012496555612,4.718075973406375,95.50821582386313,5.97580542392639,None,High,Kinesthetic,5.93,D
4.477999328173256,81.6592979686275,6.436986301988775,73.88809839062597,6.196675703639811,Light (1-2),High,Visual,6.62,C
13.27979855139839,74.65196618047793,5.0401984454680795,93.61943470440573,5.826030460213003,Heavy (5+),Medium,Auditory,5.09,D
13.090935011766307,100.0,4.494716389708412,81.85219713746892,9.15817610456574,Light (1-2),High,Visual,7.43,C
1.0,53.98644032285227,6.965590066139699,78.13571334256346,7.663486274319378,Moderate (3-4),Medium,Visual,5.58,D
14.619935934375315,65.57254462829631,6.882931596543789,76.82923655273046,5.876089592507629,Moderate (3-4),Low,Reading/Writing,5.2,D
13.383458288539254,76.45117859776428,7.909172722907431,91.19917046903235,8.327477870631963,Moderate (3-4),Medium,Kinesthetic,6.22,C
19.87344455369393,53.35216783268749,5.723973974764822,84.88366725180605,7.240838433146654,Light (1-2),Medium,Reading/Writing,5.4,D
27.942692664617418,75.36218393351893,7.23449512430616,100.0,7.308704105333802,Heavy (5+),Low,Reading/Writing,6.52,C
22.885955206834304,100.0,7.491435630092594,67.21663035504014,6.586627349497057,Light (1-2),High,Reading/Writing,7.15,C
13.117779166116186,78.31329732443943,7.3005928540968705,87.77152553044964,6.100700815651632,Heavy (5+),Medium,Visual,6.31,C
7.254318638808307,81.46051358578025,5.013823370956144,72.06198485282731,7.405319318865522,Light (1-2),Medium,Visual,4.51,D
33.01351862274902,59.097528522411295,6.76885426808814,66.96069519517035,6.3458953240052915,Light (1-2),Low,Visual,6.7,C
15.414529038101417,68.75457887940783,7.155452532898391,79.83699294447541,9.180106755490126,None,Low,Auditory,6.11,C
15.097505043390623,72.37205429514094,6.512921240434295,82.06028719110554,5.476850673708275,Moderate (3-4),High,Visual,5.57,D
14.831124390229977,73.23427354865649,2.7443402149320475,100.0,8.843388127425934,Light (1-2),Medium,Visual,6.13,C
16.386593325374985,97.22465692505654,6.788881323152264,77.23781276475196,6.8664173814426395,Light (1-2),High,Visual,7.46,C
13.989477116532402,86.36536591087687,10.0,63.04731905772975,7.358902880825327,Light (1-2),High,Visual,7.99,B
10.984365951838345,61.32813064594452,5.851929316237431,84.09516076241579,7.999789319955322,Heavy (5+),Medium,Kinesthetic,4.75,D
11.171987411317255,81.69757167648007,5.189461223860421,48.880399436804474,6.243700845994677,Moderate (3-4),Medium,Visual,5.3,D
14.77072710848801,85.47332622745178,7.172027407480517,78.62064826093601,8.037098061638364,Moderate (3-4),High,Reading/Writing,7.53,B
11.196026602063645,95.102235577819,7.062280778839829,80.24037923442741,4.0,Moderate (3-4),High,Reading/Writing,6.67,C
10.01007952125985,100.0,8.646923297749545,91.91900574417818,6.136012560133673,Light (1-2),Medium,Reading/Writing,8.16,B
15.745011593843278,62.77358712258197,4.235837319364002,94.6043337414177,5.8911246311907215,Light (1-2),High,Visual,5.95,D
13.215159478054012,65.83713733184493,7.8164844546349865,72.44645571638424,5.495792785153887,Heavy (5+),High,Auditory,6.77,C
25.527950920078823,59.136332116280755,7.562759710252634,77.74078978055101,6.7420541943052585,None,Medium,Visual,6.8,C
1.0,74.48970211339528,6.244136233507017,68.50818754083994,7.462899961818033,Light (1-2),Medium,Auditory,5.27,D
22.64054796345723,84.99537561669501,7.109637172259042,63.079061677884596,7.843191998199167,Light (1-2),High,Visual,6.45,C
23.722596347483403,92.81001774883653,8.353023466877044,84.64842169070951,7.289052108640489,Light (1-2),Medium,Reading/Writing,7.91,B
1.0,76.86073464536216,8.07016768405121,60.896216771051016,6.201167842127743,Light (1-2),Low,Reading/Writing,4.73,D
12.601186841437558,73.20228715117734,4.442565238267289,73.78059649142206,7.4428197253902,Light (1-2),Medium,Reading/Writing,4.89,D
12.39991393802946,80.2763698837311,7.976284736159872,65.07239060151144,7.149142833821021,None,Low,Auditory,6.63,C
5.147418136975251,65.47285647554966,6.383560510941467,88.2452477943539,8.123267401523218,Light (1-2),Medium,Auditory,5.32,D
9.555283186863873,100.0,6.6311733764279275,100.0,7.93232404351782,Light (1-2),High,Kinesthetic,6.58,C
7.225969081739199,53.885084593229124,6.63175458380305,60.476180257950034,7.036571696704755,Light (1-2),Low,Visual,4.4,F
27.26589310396536,80.77110868343587,6.229562620163132,52.20472275653646,5.923296392606492,None,Medium,Reading/Writing,5.77,D
21.54974875203223,100.0,8.645073494792717,78.12669671974899,6.216459813001503,Moderate (3-4),Medium,Reading/Writing,8.24,B
23.900885664959112,78.10199766839996,6.349307672271419,80.23546693936638,6.34025276843436,Light (1-2),Medium,Auditory,6.28,C
20.051704448302644,75.14941447497759,4.484816968910296,83.27988960135947,6.621680399300493,Moderate (3-4),Medium,Visual,6.0,D
7.0966376014793955,72.6383186578436,5.791646259254488,73.30519227148483,7.3216605131077035,Moderate (3-4),Medium,Auditory,5.78,D
11.328358136041585,75.29412477356388,6.821650490258856,76.99041051761853,7.85820926815367,Moderate (3-4),Low,Visual,5.21,D
18.425621928595426,98.59272712014796,8.712586611734691,85.51265615810904,6.938657568381547,Light (1-2),Medium,Visual,7.83,B
6.445105337756383,44.8220713300574,7.5855704329079,95.60646338967258,7.019349745480567,Light (1-2),Medium,Visual,5.04,D
19.990989011206715,100.0,4.969036498255321,50.674268445225756,7.171967566000005,Light (1-2),Medium,Visual,7.28,C
13.317722212893054,56.64064271324783,10.0,74.46590841452807,6.380913624241192,Moderate (3-4),High,Reading/Writing,7.47,C
12.376254347152818,74.00021506148377,6.976595559760363,83.20713190911596,5.8895292908284524,Light (1-2),Medium,Kinesthetic,5.89,D
19.976719777424442,71.56133369552008,8.795703328398227,66.23035843083896,4.893474523227148,Moderate (3-4),Low,Visual,5.82,D
18.10984318040228,86.8282990465608,6.226914019560987,100.0,6.165820770307753,Heavy (5+),High,Kinesthetic,6.79,C
12.473236839266441,54.02813472174378,7.460046640469809,70.46885179656894,7.567774543921344,Light (1-2),Medium,Kinesthetic,5.46,D
23.115308623549737,84.93258999122914,8.011043308133129,79.38060969489075,6.156506274352519,None,Medium,Kinesthetic,8.02,B
7.432556706800719,100.0,8.692750481157661,88.34033145263436,6.714631555088872,Moderate (3-4),Medium,Kinesthetic,6.07,C
19.311549248609847,57.55238993110784,8.403262949680805,71.13072816797158,7.55971754489478,Light (1-2),Medium,Auditory,6.54,C
19.151708805778686,80.84559251415594,8.06995460013136,52.301404282933746,7.624827395707203,None,High,Visual,6.99,C
12.833174924802067,68.07026733305086,5.932843883850604,73.570182096252,5.704560577400754,Heavy (5+),High,Reading/Writing,5.72,D
17.282931155694826,84.38830809289554,5.47085712447909,95.44160833890561,8.19647122774437,Light (1-2),Medium,Reading/Writing,6.45,C
6.242204965302879,78.28721666123629,7.098693518583556,74.94657309822293,8.352820107226583,Heavy (5+),Medium,Kinesthetic,5.37,D
21.46818913444831,68.37769636433535,8.179630530213924,67.30348547811532,5.644180171337728,Moderate (3-4),Medium,Kinesthetic,6.84,C
13.705685044899077,85.3180842730661,6.099102738602108,93.88508314254082,6.011395756430615,Moderate (3-4),High,Reading/Writing,7.01,C
11.340938856366723,100.0,8.417309538285895,75.03837655965421,8.42930881977543,Light (1-2),High,Auditory,7.64,B
22.343064580858226,75.13644312409052,9.114710141875122,72.34758779524674,6.823775774493639,Light (1-2),Low,Visual,5.34,D
10.069594166200686,88.79636913222274,4.850622345667844,82.24184134494965,4.336266463057779,Light (1-2),Low,Visual,5.26,D
5.140770925455083,58.60090563193255,4.993542733166696,91.5612531442818,5.320382194320777,Light (1-2),Medium,Reading/Writing,4.05,F
4.103595785332674,63.65345434772987,6.2473248939703945,100.0,6.7007564497930225,Light (1-2),Low,Reading/Writing,5.41,D
19.242069659419478,85.08609416820566,7.0537028027405535,92.40854161486135,5.604348819658478,Light (1-2),Medium,Kinesthetic,7.52,B
6.036994532526018,100.0,5.555779375219308,97.39759949582516,6.50389147523627,Light (1-2),Low,Reading/Writing,5.22,D
27.283559273890553,83.3342002317849,8.93396482196086,72.41050701518218,7.038875456420294,Light (1-2),Medium,Kinesthetic,7.46,C
1.0,73.30412954215268,7.2633203507332125,64.61197841045785,8.754705524841675,Moderate (3-4),High,Reading/Writing,5.41,D
26.875194578030268,77.98937108135031,6.571004686833331,80.93497024428684,6.651455300526653,Light (1-2),High,Kinesthetic,7.98,B
16.477122270418327,59.243883990454236,3.9153628570366505,81.60754872889395,8.287050159487311,None,Medium,Visual,5.18,D
14.323008216907253,87.0677298953305,4.131531530430487,63.82230887953104,8.714512194444124,Moderate (3-4),Medium,Kinesthetic,6.08,C
11.185566392337352,91.23499593485114,7.005816650507251,77.37058205143981,8.72117160322249,Heavy (5+),High,Reading/Writing,6.88,C
17.793952800464496,71.2186450075038,2.661327872921295,85.98976402578697,7.341705512062682,Light (1-2),Low,Visual,4.91,D
14.736557083026062,70.94936778360747,8.32274733735933,85.4059009252712,4.644053022593231,None,Medium,Visual,6.48,C
22.72311317411565,81.98817344478073,6.215323080129823,87.56431780076409,7.552989838484638,Moderate (3-4),Medium,Kinesthetic,6.97,C
15.799593540634277,71.44920395939107,10.0,84.36447095206165,8.25807986537625,Heavy (5+),Medium,Visual,6.13,C
16.052112330233143,77.00801078061266,10.0,72.39487011094917,6.902719473477499,Moderate (3-4),Medium,Auditory,7.02,C
12.45471451450301,100.0,6.17339167535447,72.29149060026735,9.093500644090298,Moderate (3-4),Low,Auditory,5.73,D
14.601380633952528,74.29461448881005,6.3085933954436335,62.01572903009186,8.031800273760949,Light (1-2),Medium,Reading/Writing,6.24,C
17.154612382244416,72.62489771968167,8.292046725203654,100.0,7.681928052583341,Light (1-2),Medium,Kinesthetic,6.9,C
3.0288212514036204,68.28687291547261,9.565710697852468,80.2017554692894,8.303656853447006,None,Medium,Auditory,5.57,D
5.562702045260009,89.16287957249905,3.55154769661517,76.62720416307722,7.400043821513053,Moderate (3-4),Low,Auditory,4.32,F
20.202848658159006,75.28163740172846,3.284524162361564,66.06811877821312,4.008627400725576,Moderate (3-4),High,Kinesthetic,4.85,D
16.196058066895592,68.25940442517862,5.380337350002113,100.0,6.401033258235561,Heavy (5+),Medium,Reading/Writing,4.8,D
13.712116645531246,97.81956048409518,7.548927649712956,63.90007951665657,8.436601632697425,Light (1-2),Medium,Kinesthetic,6.92,C
15.129037531457753,99.29404506770456,7.394372462913675,73.5672811159089,6.0308903918820445,None,Medium,Auditory,6.89,C
17.433071937531697,68.99364651391943,8.42558861897093,86.2375525442909,6.731832993715673,Light (1-2),Medium,Visual,7.06,C
11.22168223783447,50.00190072959076,4.340544448942445,89.00319448616416,5.746196423316315,Moderate (3-4),Low,Auditory,4.88,D
9.551866922183812,93.11270534755383,2.3309410466560223,94.36898082823527,9.140707114242122,Moderate (3-4),High,Reading/Writing,5.3,D
16.37091678568377,67.73055261359994,8.044425551543862,100.0,9.017790948901618,Light (1-2),Low,Visual,5.83,D
8.151390556694775,89.85938398744153,5.009246708662578,87.59236483191069,5.939357325831125,Light (1-2),Low,Visual,5.19,D
17.857769290001304,48.44844273432247,2.866721844100452,64.15953800049999,7.1767576004669005,Light (1-2),High,Visual,4.79,D
3.0819147703351177,91.38896007448963,6.761114742726887,76.14582312317327,6.1834071426831425,Light (1-2),Medium,Auditory,5.23,D
22.204089461279505,59.83242106078828,7.92771623879362,84.61748558770827,7.737933566837654,Heavy (5+),Medium,Kinesthetic,6.38,C
18.308182376891303,88.96146178599787,6.280297162181701,100.0,7.611619692690795,Light (1-2),Medium,Visual,6.58,C
16.79220814019713,78.21409601754651,5.675872904871519,59.03291782363554,7.974046685935918,Moderate (3-4),Medium,Reading/Writing,4.78,D
21.878836887618597,63.690908709050326,6.213147982137368,98.03864757837842,7.398302137249464,Moderate (3-4),High,Kinesthetic,6.58,C
26.65832111123804,71.8944553060983,5.8329510276785905,82.69871554319626,10.0,Moderate (3-4),Medium,Visual,6.08,C
22.100590455126913,88.29477685435052,4.0735151985077,92.56745802844222,5.766491481987114,Light (1-2),Medium,Reading/Writing,6.41,C
2.1138803806784825,79.58841679672851,5.213574781417223,78.47007925046103,4.947275974676183,Moderate (3-4),High,Kinesthetic,4.83,D
6.0429612328500895,86.76619470708727,7.438303829024866,67.3635105481051,6.528291759158246,Light (1-2),Medium,Kinesthetic,6.34,C
10.626269956130248,100.0,7.0790213744777,91.26309169101998,5.118414081327679,Light (1-2),Medium,Visual,7.41,C
15.182637351475837,54.53637582433423,6.802507650740276,89.81646540658431,5.209045275992809,Light (1-2),Medium,Visual,6.23,C
18.623613143283862,100.0,4.708732732663917,94.58085448609583,5.79842241496244,Light (1-2),Medium,Visual,5.71,D
9.91979330792574,79.5653390628482,6.173294308155799,79.80043046932047,5.893373313482047,Light (1-2),High,Reading/Writing,7.06,C
16.307367351339547,64.51823927515308,2.5812829164028614,71.00266965020226,5.854458277659928,Light (1-2),High,Reading/Writing,5.98,D
9.712319473526742,58.04529561391515,6.821257994993702,56.61819507464237,7.621862740534494,Heavy (5+),Low,Reading/Writing,4.6,D
10.719375379056363,75.1631941383445,9.071943874064422,92.2905990220911,6.392573126697597,Light (1-2),Low,Auditory,7.01,C
5.1533723220624434,91.82475167886689,3.8465621623242097,86.3583422366598,6.784582510153024,Moderate (3-4),Low,Visual,4.32,F
8.53736727722367,76.08676319433698,5.4453301880280405,65.51326050704061,8.073079329401121,Heavy (5+),Medium,Reading/Writing,4.09,F
5.5382077606856654,100.0,7.0923922016782335,71.92139490055064,6.080412970262288,None,Low,Auditory,5.13,D
8.16888722915867,56.23236464922662,8.75511674196947,72.9986178207284,6.682544921554333,Moderate (3-4),Medium,Reading/Writing,6.66,C
22.375492576254878,77.81866578230918,5.693195690659731,57.75523352026373,7.438911983311499,Light (1-2),High,Auditory,5.81,D
8.354207778176399,59.214098333803214,5.253949407321387,67.73476405092299,4.670118639255735,None,High,Auditory,5.08,D
33.426674453861736,83.45447823937452,2.9559383436510505,62.99254464790469,4.138113389259301,Light (1-2),Medium,Visual,6.01,C
18.453225306166225,91.3033108514595,6.686188632754591,73.81281482168094,7.415340794557268,Heavy (5+),Medium,Visual,6.11,C
16.293852865864118,71.6885730947842,10.0,68.91953752505655,7.590417136680278,None,Medium,Visual,6.74,C
8.991495538731506,38.936792150592986,6.999245231536417,55.59492618699877,9.477064161822893,Moderate (3-4),High,Visual,5.33,D
19.90216915586294,80.98422220194742,6.459897837469316,100.0,7.189713851040172,Light (1-2),High,Auditory,7.03,C
10.970535216335582,84.55107827600264,7.079748159380574,98.78811096543846,7.983687660709713,Heavy (5+),High,Visual,6.07,C
15.85406870251753,84.06442132442547,6.480034392892517,68.31470867720022,6.765432827696832,None,Medium,Visual,6.19,C
32.92059176788156,96.53673287733231,5.036574129931767,84.08632094980415,7.356672665902104,Moderate (3-4),Medium,Reading/Writing,7.77,B
14.32758070192745,61.93419480526427,7.981903848219869,86.26197634731942,9.00070821009944,Moderate (3-4),Low,Auditory,6.31,C
23.04491328399973,88.20324158175674,6.906370741601158,97.86628782160216,4.451208618249238,Moderate (3-4),Medium,Reading/Writing,6.66,C
10.077765024118788,95.88761268716962,6.531703853480583,67.72092460009883,7.496339509086017,Heavy (5+),Medium,Reading/Writing,5.22,D
14.755080566521269,51.32118623990225,4.7443411508991495,96.38160175973638,9.562704076092839,Moderate (3-4),Medium,Reading/Writing,5.25,D
27.39560444944857,82.79477738878465,8.846314277482566,71.78142043689597,7.338441063051211,None,Medium,Kinesthetic,8.25,B
10.611230595485628,70.43730253488492,7.696464941599598,59.9620639374708,8.980687555879417,Light (1-2),Medium,Visual,6.25,C
27.6871399059785,76.77715990347531,5.504742492738856,90.86204838971746,6.244945420564669,Light (1-2),Low,Reading/Writing,6.79,C
19.95426354818833,83.21514725307505,8.303284736627488,99.36137636183642,6.961543007003544,Light (1-2),Low,Kinesthetic,7.39,C
11.062732568740127,70.69157153829671,5.604372490906627,100.0,7.040229642866305,Light (1-2),Low,Kinesthetic,5.55,D
19.426854173388648,67.86437881257582,5.092393713480133,62.004121023646796,4.338890704769476,Light (1-2),Low,Visual,5.11,D
21.807881147387107,78.51228626232037,5.1325343885354835,90.48379527621184,5.59818660657976,Light (1-2),Low,Auditory,6.19,C
19.352669735520376,61.69131091705796,3.312076604441436,73.852981343097,5.683749904739217,Heavy (5+),Medium,Visual,4.46,F
4.008426960766805,61.712623066722216,7.348776284752771,91.75038065786048,7.986479293639033,None,Medium,Reading/Writing,4.91,D
9.91003976922592,88.19059924434755,3.2039392189909695,57.942656731531244,8.046583726820867,Heavy (5+),High,Reading/Writing,5.43,D
13.267369551139467,60.76808947262016,4.288801103721627,61.05845336452154,7.38884373124784,Light (1-2),Medium,Auditory,5.39,D
14.478965996299676,87.99468751363818,2.76394158365864,68.36187765250274,7.988923476226847,Moderate (3-4),Low,Reading/Writing,4.06,F
19.344704682854747,84.93886939280927,6.345074552976392,81.18446068502126,6.803020704733871,Moderate (3-4),Medium,Reading/Writing,6.88,C
16.243907006532776,52.11289906814105,6.22942317151063,70.38378100192467,8.442318003447452,Light (1-2),High,Auditory,6.89,C
5.652589489029291,67.83653021496517,5.911946816264544,89.88581515870129,7.0105461311584865,Light (1-2),Medium,Kinesthetic,5.28,D
17.661384957041744,95.91164104571058,4.623360149592963,95.40341927386872,7.069436856912108,Light (1-2),Medium,Reading/Writing,6.03,C
19.27410021698676,63.28251703290478,4.389979243814048,88.99366311868033,6.681288840085107,Light (1-2),Medium,Visual,5.72,D
18.91853313551728,71.03393606535919,7.335865754383834,100.0,7.821340573163713,Heavy (5+),High,Reading/Writing,6.87,C
22.565465078882355,84.93091339877844,5.5090065229247225,86.23739944183015,6.494561420064504,Moderate (3-4),High,Visual,6.62,C
20.83745508184233,89.75085763923893,7.069444978765061,61.74654934489749,8.171717652637682,None,Medium,Reading/Writing,6.92,C
18.214260554599058,74.22691670933257,4.9065523649764,100.0,5.641421031140792,None,High,Kinesthetic,5.58,D
14.50884001978947,69.03734707962538,6.825912936987948,70.92265646591004,5.681300494326168,Light (1-2),High,Kinesthetic,5.56,D
3.37327346538806,99.33554792547761,8.845900467168915,93.65627749528355,7.824912106151805,None,Medium,Auditory,6.71,C
18.007327533928102,100.0,7.55509844070701,100.0,6.8937469425003846,Moderate (3-4),Medium,Visual,7.28,C
16.453813810141778,92.68287076172693,5.757655127210335,86.85032016095599,6.455330300616246,None,Medium,Visual,6.51,C
16.901051860367616,79.27977213847537,6.962958146640669,57.55761780253025,8.068069278970551,Light (1-2),High,Reading/Writing,7.69,B
6.062759969257835,65.8760141753861,6.066802685845617,66.22681750235313,6.271286303096699,None,Low,Visual,4.58,D
7.432604217142163,65.54333390165152,6.514184332450511,99.84116700327704,6.759758494839557,Light (1-2),High,Reading/Writing,6.61,C
22.372069973330326,85.83771157898636,5.913900106132694,77.46315971535776,8.67907354008539,Moderate (3-4),Low,Visual,5.65,D
14.723113923003414,84.27597331333025,6.204196629406296,81.19360302413249,8.84697081497278,Light (1-2),Medium,Auditory,6.66,C
19.77050488160837,99.02397889419645,6.881768035533516,91.38236624245414,8.886877852324393,Heavy (5+),High,Visual,7.23,C
15.198228632913228,87.75675138804209,4.711954340752489,90.44484293120485,6.661449067679307,Heavy (5+),Medium,Kinesthetic,5.64,D
15.208292976470217,55.45379547360273,4.671418111418038,84.18199718578191,8.476843485981364,Light (1-2),Medium,Reading/Writing,5.34,D
21.567986641831986,93.77921426584378,4.00062340310382,76.86997443169301,5.861256606677586,None,Low,Auditory,6.04,C
11.387686902478382,63.02909059028381,3.619512011893322,75.30997331401464,5.9117165503335265,Moderate (3-4),Medium,Visual,3.88,F
15.672845438586883,72.24043092071473,4.3088911540031365,92.86848237937015,4.179452976850767,Heavy (5+),Low,Reading/Writing,3.73,F
11.764072979064704,81.75300309377542,6.787032512247433,88.30354296601689,9.007441842278237,Moderate (3-4),Medium,Visual,6.12,C
11.95852640797379,100.0,4.892982472114609,76.14049999073316,5.963224181108706,None,Medium,Reading/Writing,6.04,C
12.835795135719525,100.0,7.424506035615973,96.23168469489711,6.848160904303528,Heavy (5+),High,Kinesthetic,7.19,C
16.554936401435988,87.10084588704274,6.5624847477546115,78.06448827305324,5.907610789686059,Light (1-2),High,Reading/Writing,7.58,B
11.648759648355659,75.25205071919419,2.9566924158115033,67.2250673849841,7.834198297996169,Moderate (3-4),Low,Reading/Writing,4.44,F
23.790292879014643,86.01758472720826,7.678956051599042,68.61543951644983,6.549239607139192,Heavy (5+),High,Reading/Writing,7.04,C
8.737748884463473,91.31483138810754,7.959437562065078,65.3188874553535,5.434219731480461,Light (1-2),Low,Kinesthetic,4.55,D
13.691898490870486,73.18998561664212,4.711047185297264,75.91384975094469,7.529995077023273,Heavy (5+),Low,Kinesthetic,4.53,D
11.921882592080776,100.0,7.256344777210985,98.50586417504289,5.279523970227726,Light (1-2),Low,Reading/Writing,7.03,C
25.12884519047613,81.45106138787104,4.958303172663442,67.92357228454237,5.99511312962141,Heavy (5+),High,Auditory,6.16,C
16.375883435581024,85.46614633637091,6.675806678147004,82.82713641527154,4.471733062448703,Light (1-2),High,Auditory,6.87,C
22.222911776280444,87.98886378081693,4.223902867481062,70.1496598155888,5.291250265362872,Heavy (5+),Low,Visual,5.44,D
4.601077388741196,84.32379915921683,3.2724083854377617,76.09536438092843,7.214235003664573,None,Low,Reading/Writing,3.7,F
16.869351861084812,90.58410750704418,5.810929058696656,57.34938182022122,4.642556754276491,Moderate (3-4),Medium,Reading/Writing,6.11,C
21.22741556936406,68.74120220179616,6.277287896705295,76.69192656265194,5.222625130453942,Light (1-2),Medium,Visual,7.01,C
15.575987924927968,69.62547369080954,5.7841765514937125,77.09441930292557,6.99715730064063,Light (1-2),Medium,Visual,5.72,D
22.458362625457458,61.497686505424575,4.368744995199393,88.10431916053543,6.347671724688337,Light (1-2),Medium,Auditory,5.17,D
11.378980849297395,84.59251845930339,5.780181688163953,83.34921369883055,9.39044396315117,Moderate (3-4),High,Kinesthetic,6.27,C
24.86543208129906,89.6840475526817,6.9847305546453216,62.02411812571932,9.20067585522925,Light (1-2),Medium,Reading/Writing,5.97,D
31.092286865334753,84.86659299227829,6.419192545779433,96.26297366065315,5.958493044698615,Moderate (3-4),High,Reading/Writing,8.08,B
12.460130076922386,100.0,6.828501855078584,83.15454560332994,7.668565142084178,Light (1-2),Medium,Auditory,6.83,C
11.881482350194597,77.9160597175643,5.293792639182381,82.9759027576623,7.899139068255342,Heavy (5+),Medium,Reading/Writing,6.32,C
25.173691339823904,88.03112483388769,8.609092246489087,79.86226469922292,6.283025370370716,None,High,Auditory,7.88,B
26.057005020114985,61.624486857910284,4.382887994201395,72.23363829166671,5.205350156202155,Light (1-2),High,Reading/Writing,6.47,C
11.339979809927122,72.19350446288398,7.377608534756093,83.2670350962309,6.985241860830331,Light (1-2),Medium,Visual,5.73,D
12.058692280329,88.43306636348666,8.62740396732793,87.13382653892873,6.7925851902230665,Light (1-2),Medium,Auditory,6.73,C
13.02750773797645,90.73653166114715,7.365634566948012,53.79656462981667,6.477082603635257,Light (1-2),High,Visual,5.91,D
5.58884642276006,73.59049578503726,6.135456391283306,71.91858743980856,7.530780241797382,Light (1-2),Low,Auditory,4.77,D
8.569436374610612,76.92601122212899,5.549065316006637,76.17579544394616,6.0991244715932815,Heavy (5+),Low,Kinesthetic,4.43,F
7.971014632735525,55.231893799787855,8.364957771883262,83.84255908541417,5.6176029429050285,Moderate (3-4),Medium,Visual,5.85,D
9.625417044271101,72.64456198790086,3.9386451345289886,97.89966508890689,7.130899564419798,Moderate (3-4),High,Auditory,5.25,D
14.757205788292532,91.35574745279679,4.753776331316642,68.42388778104826,7.463164111082651,None,High,Reading/Writing,6.27,C
16.639503127755646,86.6280752415985,5.784396022114901,72.53057229773236,5.5880260673199365,Moderate (3-4),High,Kinesthetic,6.16,C
25.853503449698536,85.50998582071814,8.727776763521597,72.31198834030175,8.113708733189297,Light (1-2),Medium,Auditory,7.42,C
8.011521714828463,78.7466053077144,7.183581744873613,67.97708614843188,4.875422634668706,Moderate (3-4),Low,Reading/Writing,5.23,D
21.890256789336085,78.10594737942264,4.757517634681559,74.79220257331606,6.306263849541228,Light (1-2),Medium,Kinesthetic,5.91,D
13.502078090421437,68.09518290789829,5.941446130307173,91.56203329981957,6.690389756562869,Light (1-2),High,Auditory,6.73,C
14.65375403243297,88.48242630303803,5.39421834062667,64.19246756953481,6.236531544817685,Light (1-2),Low,Auditory,5.27,D
19.723736445166224,84.31459416584084,5.222379813979637,86.41721592729355,6.321927431738569,Heavy (5+),Low,Auditory,5.37,D
7.140945849063909,85.380282719892,8.262001205402203,54.471466549724965,9.245289378769737,None,Low,Kinesthetic,5.42,D
17.676868223288356,70.1094773599863,4.03086236732569,71.57993005336691,5.978939093153322,Moderate (3-4),Medium,Visual,4.78,D
16.165165457491394,45.69985620193133,9.395805540321872,75.05766049673021,9.929466066966297,None,High,Auditory,6.74,C
18.447158848057043,94.45729067630543,7.990813442332321,100.0,7.524552135677262,Moderate (3-4),Medium,Reading/Writing,8.43,B
17.02418050735473,70.81743815987394,8.463551007086657,75.87796542870969,7.11046616477439,Heavy (5+),High,Reading/Writing,6.51,C
32.18710097937626,65.0583635393532,5.666708878354535,46.98134789823622,7.571488424065199,Light (1-2),Low,Auditory,5.71,D
10.535820110240788,88.4021836787099,6.230106705657603,50.01666639708125,10.0,Light (1-2),High,Reading/Writing,6.1,C
11.283021314987277,72.11981040121306,3.9203267338555183,80.51044379520022,5.807688395282263,Heavy (5+),High,Visual,5.1,D
10.63801631502665,93.89904576069932,5.555607667279754,89.20656283684863,5.655498497276333,Light (1-2),Medium,Auditory,5.81,D
11.111660165878217,87.25508924365046,7.388578725757672,85.6318378644088,6.094160564113695,Light (1-2),High,Reading/Writing,7.13,C
10.538290108854376,88.25353984800716,8.832913511206513,82.51355158701486,7.038571776357473,Moderate (3-4),Medium,Kinesthetic,5.76,D
23.323115717752863,57.51066433199199,4.507117729755587,97.433893962585,4.929074650224912,Moderate (3-4),High,Visual,6.74,C
24.943529735928983,96.179159780796,5.842089313426522,71.90613168894302,7.02680708718233,None,High,Kinesthetic,7.48,C
11.004775943753666,81.91875796850785,6.22766140358146,93.42365834040238,9.032256560096407,Moderate (3-4),High,Reading/Writing,6.03,C
9.1735109882704,72.46084291130695,3.987579436053527,55.519776724603744,7.181688868749733,Light (1-2),Medium,Visual,3.48,F
18.299908894704828,80.15082701013377,7.564428635165121,66.425782505929,6.648777449229668,None,Low,Reading/Writing,5.61,D
11.134438690033202,51.356471506525196,5.196817402863304,52.89437907602276,6.258207461579647,Moderate (3-4),Medium,Visual,4.32,F
19.430522724288576,84.12979217221006,6.148297367881357,75.87732048995312,8.078214045461877,Light (1-2),Medium,Kinesthetic,7.67,B
16.4204611459591,62.559427377268925,5.68649113055862,79.30608174100486,6.009000672114343,None,High,Kinesthetic,6.25,C
4.389791195019377,57.70994571234698,5.079190689704586,81.71152238339779,9.215675104719097,Moderate (3-4),High,Visual,4.28,F
25.832536409310432,55.16461220673163,6.487319026135001,80.92825029330703,9.320031697257228,Heavy (5+),High,Visual,6.4,C
27.571143711668654,94.69032562484888,6.11190275857756,66.08670003782407,7.308100958394145,Heavy (5+),Low,Auditory,6.23,C
10.710479166609296,68.56104909460817,5.830655811898402,77.14638733380177,6.986181894308026,Heavy (5+),High,Auditory,5.77,D
12.28608908044811,100.0,5.1887690809753835,57.53829997091377,8.236791769889871,Heavy (5+),High,Auditory,5.29,D
17.001057735074333,69.96297805421554,7.0751444074093195,100.0,8.31375820267279,None,High,Auditory,6.98,C
17.341197529909174,52.3896306361058,9.476511083286113,75.44560890652998,6.032809922728702,Light (1-2),Low,Reading/Writing,5.9,D
19.609809908709813,61.25213340077011,6.7517970191104295,72.66670821434464,6.3681338402359575,Moderate (3-4),Low,Visual,4.98,D
29.07143177136445,96.53717430010408,8.293012786840032,100.0,5.413183078380046,Light (1-2),Low,Kinesthetic,7.84,B
13.761369407541654,75.66152733095,3.9976005347237673,61.366301996761564,7.490877926000868,Moderate (3-4),Medium,Kinesthetic,5.2,D
9.411919288230823,69.77569055264098,6.783970590728785,63.11619328952047,7.799953460148269,Moderate (3-4),Medium,Auditory,5.78,D
5.344765403898309,80.40027338779181,4.52473702585208,63.55669512697152,5.380089234566473,Light (1-2),High,Kinesthetic,5.41,D
9.883489720406565,85.52674104251318,3.8415351304425776,78.98192927450778,6.453761314220609,Heavy (5+),Medium,Visual,4.64,D
14.76811118988342,94.76098223853691,5.1691314665737345,86.47447444456395,5.383295298902381,Light (1-2),Medium,Visual,6.49,C
27.561905044624513,99.7274884483939,8.64541880194443,91.09513202176751,5.921440227707395,Light (1-2),Medium,Reading/Writing,8.38,B
11.376720906746801,72.60347031316371,8.210028491605362,100.0,7.661220472271559,Heavy (5+),High,Auditory,6.93,C
16.56651566147229,58.10928470876942,6.937408499697919,46.258513186988544,6.119821519986065,Light (1-2),High,Reading/Writing,5.72,D
14.885039727490735,71.79802258315085,3.7411389921981244,89.13103383686625,6.639008852761242,Light (1-2),High,Kinesthetic,5.51,D
23.31875291413659,81.9042075987433,6.1466948275017135,71.64304141141653,5.047225926463222,Light (1-2),Medium,Kinesthetic,6.4,C
32.68852698111535,63.54361610684084,7.043060016023124,71.2037727666684,7.224388251669597,Moderate (3-4),Medium,Reading/Writing,8.18,B
11.283918589557755,63.642736276574354,6.815965213241476,70.70341807619184,6.946872016186421,Moderate (3-4),High,Reading/Writing,6.18,C
11.573923902372446,83.15681822324828,3.1811715497346578,66.3684549378804,6.125248899960205,Moderate (3-4),Medium,Visual,4.39,F
22.309126139483503,77.27021472644323,4.897427873564231,100.0,6.773182842781031,Moderate (3-4),Medium,Visual,5.88,D
19.77324042738418,78.4919549311738,6.38466002453231,92.63445990520854,7.216353856604133,Light (1-2),Low,Reading/Writing,6.08,C
27.926951280152235,66.62256997949896,7.4653236371309415,80.34793967836062,6.022158221308787,Heavy (5+),Low,Auditory,7.36,C
19.087497297281747,74.54398928691349,2.5469699220200965,100.0,5.228484947197865,Heavy (5+),High,Auditory,5.36,D
12.484955364490583,64.13650283597543,6.208176844136255,57.31206552051687,9.166689319224178,Light (1-2),Low,Auditory,5.45,D
19.134583814846167,91.3529761668718,6.757487785782114,60.039423030036104,6.240072754347673,None,Medium,Reading/Writing,6.22,C
22.760925064080354,93.52874002085629,8.029301579329184,47.330484017079684,6.8838878761757325,Heavy (5+),Medium,Visual,6.79,C
20.74337526838155,50.307182066428595,7.747143651627386,69.50878189815069,8.213007682024376,Heavy (5+),Medium,Reading/Writing,6.43,C
18.550918217751082,64.05733709711384,7.548628373855849,82.4254779005713,10.0,Heavy (5+),Medium,Visual,6.06,C
22.466722827124077,55.55206117364881,5.060107087936519,81.54287866898501,5.506616260133361,Heavy (5+),Medium,Visual,5.11,D
23.18506913311971,68.24964098389653,3.0655961531780465,82.24012866589821,7.539792656471812,Light (1-2),Low,Auditory,5.92,D
24.67511293726269,76.74843045314459,5.792505037289478,58.83414753400877,6.150937257647072,Moderate (3-4),Low,Visual,6.15,C
19.540969213127497,56.255321704522046,8.302937285375409,92.04732113921033,6.353451634507947,Light (1-2),Medium,Kinesthetic,7.03,C
13.830173437782019,64.1721028031203,9.008218149543977,83.59441277358496,6.135745574791852,None,Medium,Visual,6.9,C
16.02699580503326,62.94063941877752,7.778988384136014,90.99581422198997,5.649214038639299,Moderate (3-4),Medium,Visual,6.52,C
23.4455627655585,81.10900994098417,7.272813481043122,51.60856733614922,6.950450365858407,Light (1-2),Low,Reading/Writing,7.25,C
9.281450303089347,79.04016505554375,7.183351367094738,84.67236288196685,5.230596775542117,Moderate (3-4),High,Auditory,6.37,C
17.580713162110307,67.1739366999412,5.498986255830595,62.1835214012371,8.136169079814245,Light (1-2),Medium,Visual,5.92,D
12.246628313708475,80.65231308209097,6.265891471603484,74.04015121172958,7.06600352324005,Light (1-2),Low,Visual,4.8,D
15.201213760543723,69.79979873119102,9.504325146487396,88.01547347954575,7.506921967481728,Light (1-2),Low,Kinesthetic,6.18,C
23.949163038251093,73.9251733451092,4.803395589574622,81.3664040938387,6.440573665664532,Light (1-2),High,Reading/Writing,6.11,C
16.33769347613932,100.0,9.406601823277732,67.22690030331022,6.559355278945902,Light (1-2),Medium,Auditory,7.97,B
15.325055837093041,98.10691577685522,5.920349321914295,80.09409734276628,7.345076686200794,Light (1-2),Medium,Auditory,5.14,D
5.481007013140566,58.506281446086035,8.88577779637114,57.026970271345355,5.603139241113009,Heavy (5+),High,Visual,5.51,D
20.223774962190546,90.44598626818762,3.967732982904431,97.25401093847444,6.570411478703997,Light (1-2),High,Auditory,5.2,D
19.51838926798753,90.17094831737388,7.5546275620963685,76.92073970755624,5.968463783345856,Light (1-2),High,Reading/Writing,7.08,C
30.14278306313822,60.776050668710724,5.1738137552942804,96.77824916382988,5.931317427290783,Moderate (3-4),Medium,Kinesthetic,6.1,C
12.845552355328994,90.2816646563229,3.9525190545364626,72.10202469355936,4.468194111249231,Moderate (3-4),Medium,Visual,5.84,D
16.534052293647573,100.0,6.893361276339702,72.14636017390126,8.607191907376,Light (1-2),Low,Kinesthetic,6.51,C
16.745685785975287,61.16182790633379,8.317049219472743,68.5371982004323,6.176153496215477,Moderate (3-4),High,Visual,6.24,C
26.04217295834432,64.23745768478605,4.979105410531707,93.14260897539613,8.39605126619626,Moderate (3-4),Medium,Visual,6.81,C
14.332931273291335,93.26492200265254,3.8017712711748777,69.35853264007287,8.28255078567315,Light (1-2),Medium,Visual,5.57,D
16.953150680392376,82.07242966238472,6.3346794241970805,89.66893148622765,5.456800352180208,Light (1-2),High,Visual,6.94,C
19.255275568015776,86.27214412859286,6.342616408201074,74.26321403496064,5.693906517192585,Heavy (5+),High,Kinesthetic,5.93,D
16.306263862094507,83.10883824600745,7.486975329598097,50.36055050162571,10.0,Moderate (3-4),High,Auditory,6.19,C
11.874964698146302,83.86043881392216,8.209270228456079,71.44528898320301,9.101111130312573,Moderate (3-4),High,Visual,6.55,C
16.358629950288154,58.102918075333754,6.39305267370951,62.31337678455728,6.962177784006275,None,High,Kinesthetic,5.91,D
22.515422249018403,93.70976559932173,9.839905966629674,80.50854085523507,7.308847727700819,Light (1-2),Medium,Kinesthetic,7.95,B
7.814392904122578,95.54384988641661,6.903622540163525,62.14388396488265,6.242984316463374,Moderate (3-4),High,Reading/Writing,7.09,C
15.930787719028132,74.55913883897958,5.876432289187581,93.88962651071925,7.518823257040408,Light (1-2),High,Kinesthetic,6.83,C
10.099154295425787,77.34784575279207,3.59917875361491,78.6338620947046,6.139381719133034,Light (1-2),Medium,Visual,3.59,F
23.365326402473897,55.03338746166417,6.027212863430898,77.33606007861891,4.561175482841938,Moderate (3-4),Low,Kinesthetic,5.44,D
4.337691666513576,85.71382134026753,5.8945034982599545,89.83838206681374,5.4141330561867385,Light (1-2),High,Reading/Writing,5.4,D
11.087547069098882,86.58086162571216,8.228548633306646,94.45860401113794,7.025311297420704,Moderate (3-4),Medium,Kinesthetic,6.13,C
17.640483125451645,77.06713474501034,7.332470523320337,79.69851872345522,5.642719317396895,Moderate (3-4),High,Reading/Writing,6.52,C
25.958668204640382,94.86530039805754,4.377135581061289,68.43199550676064,6.919267042103758,Light (1-2),Low,Auditory,5.62,D
14.539748172489086,72.98884153530089,6.810057895539868,53.390455758318055,5.710406752680564,Moderate (3-4),Low,Reading/Writing,4.51,D
11.11360331314761,86.469088888404,7.708756109112296,69.7092536444723,6.061175292997608,None,Medium,Visual,6.29,C
28.16809948608413,62.705034919618264,9.250456446898099,70.74181630028058,8.02379836769583,Moderate (3-4),Medium,Auditory,6.55,C
4.863902697086292,77.64671773688643,8.097507141345307,81.60586179488445,7.296976657168125,Light (1-2),Medium,Visual,6.25,C
1.0,75.38468613145746,7.86952397776066,74.82279678292959,6.988402694423983,None,Medium,Kinesthetic,6.52,C
18.080101150373327,81.37961883061412,6.608154790307294,90.31899458077142,8.05475676768478,Moderate (3-4),Low,Visual,5.48,D
11.485620429531721,72.45709606749962,7.198961609762209,70.80525093093965,7.576730312016817,Light (1-2),Low,Reading/Writing,5.48,D
7.851370280085007,76.02791106492498,8.749108821271086,79.14438249720587,8.73587594950164,Heavy (5+),Medium,Auditory,4.85,D
19.958495131095475,90.3907075716226,4.101000684536631,97.75981164795334,6.448168885221832,Light (1-2),Low,Kinesthetic,5.62,D
16.70660499639839,71.44853644142674,5.871009211009479,85.12737820932449,6.484438025766989,Light (1-2),High,Auditory,6.81,C
11.051449584842901,53.90134348891981,5.109376252238767,79.09943687467154,5.438668880330386,Light (1-2),Medium,Reading/Writing,5.37,D
6.037869209303739,100.0,7.182475613707023,70.97083337097234,6.485223139153097,Light (1-2),Low,Kinesthetic,5.66,D
21.107201297961012,98.72181118035729,8.714399916171418,70.50152904927535,8.157723873162935,Light (1-2),Medium,Auditory,7.97,B
19.551408245710626,58.616059573415725,5.425446283902067,67.24080120572079,8.55998484671456,Moderate (3-4),Low,Auditory,6.33,C
14.30576895354432,88.34561707867792,2.197452138555011,71.8848970132565,8.152366201704002,Moderate (3-4),Low,Reading/Writing,5.36,D
27.926458972333663,70.45537844172985,5.758002658955954,91.33498758116471,4.846969760140677,Heavy (5+),Medium,Kinesthetic,6.03,C
7.509406635716932,81.9523082299659,8.144252717631332,76.67167593061598,8.299774255192881,Heavy (5+),High,Reading/Writing,5.84,D
4.321323803526829,82.4133619352024,7.467733825309783,59.753403959281535,4.793777652073516,Light (1-2),High,Visual,5.79,D
10.15664351083129,74.48388299525517,7.270735246059037,100.0,8.077740788946818,Moderate (3-4),High,Kinesthetic,6.19,C
14.680897885511515,66.24351501620406,5.996012056625936,84.79947786717744,6.558658568114733,Light (1-2),Medium,Auditory,6.02,C
16.703376145258844,67.64188421525611,4.197744674804385,58.89584899230246,7.843039976720627,Moderate (3-4),Medium,Reading/Writing,4.44,F
13.31134759500569,64.25712126778136,7.4275297789240415,73.37226609138764,5.401061982526521,Light (1-2),Medium,Kinesthetic,5.78,D
17.464387775600077,65.52266687654333,4.998292741937675,81.66329574242627,8.405401159247376,Heavy (5+),High,Visual,6.37,C
6.239224030666891,76.99232564925967,10.0,100.0,5.242030304674133,Moderate (3-4),High,Reading/Writing,7.24,C
25.10635222851282,67.26360016333872,7.526912975038129,63.378313126116964,6.1978541069761866,Heavy (5+),Low,Reading/Writing,5.51,D
14.424941751252017,88.2307809856893,5.454833055402888,94.6406107903392,5.802286446677158,Moderate (3-4),Low,Kinesthetic,6.15,C
22.821070821116894,100.0,5.399506554700469,100.0,4.894858176613001,Heavy (5+),Medium,Visual,5.75,D
17.399077424643927,69.29920137944936,6.332700428095541,70.57018542388144,7.113433081106162,Moderate (3-4),High,Auditory,6.12,C
18.197272534076486,81.59106750803066,6.068896540360851,75.8372957170965,9.167306941404354,Light (1-2),High,Kinesthetic,6.76,C
18.988370961625428,85.495276654544,8.510300795953917,64.45536128939345,10.0,Light (1-2),Medium,Visual,7.12,C
18.133959920121207,85.08003406378911,6.835549105539283,76.94808288379542,7.1165869445034975,Light (1-2),High,Visual,7.19,C
19.499059319072806,79.13932901874131,5.183062869964649,79.45115038485604,8.340017530081028,None,Medium,Kinesthetic,6.27,C
24.304067710927022,89.14023627539584,9.90279323328041,89.89474997123556,7.2785135655142446,Light (1-2),High,Visual,8.67,B
16.37564818791029,85.23373429020985,6.588754996736401,96.3527520653067,7.598659833721856,Light (1-2),High,Kinesthetic,6.95,C
19.963026303119587,59.43506366509053,7.883911416744015,68.7785590306753,6.589421618647314,Light (1-2),High,Visual,6.66,C
14.371850139989412,91.03734096583909,5.4051922865994335,50.490124036610084,7.234092310507123,Heavy (5+),Medium,Auditory,5.0,D
25.08082050814631,91.30936255900113,7.153608129940142,79.68132831085637,7.644974445527714,Heavy (5+),Low,Reading/Writing,7.06,C
10.265253885585112,66.55070843732128,7.059997984057752,84.40306294952961,6.305848325348403,Light (1-2),Medium,Reading/Writing,5.6,D
27.60658303037571,78.56906753171403,3.0986312742269244,83.74126531527563,6.907006840128415,Light (1-2),Medium,Reading/Writing,6.5,C
14.718894345489597,88.24993489216604,10.0,75.09990128736435,6.929883857203014,Light (1-2),High,Reading/Writing,7.92,B
4.984574285173663,74.86029270630958,8.823160029660585,81.87128149495902,7.99168398079663,Light (1-2),Low,Kinesthetic,5.52,D
15.896730904375525,94.09467071649019,5.7850484309372225,100.0,5.720761394046783,Moderate (3-4),Medium,Visual,6.76,C
10.232638397675835,100.0,4.51591446717946,85.72601253443764,6.938149349670818,Light (1-2),High,Auditory,5.91,D
20.884504842921068,66.21020951047527,7.125610904846393,74.39947362495373,9.294406562863237,Moderate (3-4),Low,Visual,6.32,C
10.431632144883263,57.28433095269338,6.656055858945914,72.49703274356007,8.396872183103126,Heavy (5+),Medium,Reading/Writing,5.36,D
11.876715967496542,82.55727893407314,7.140204107413813,77.45221463483404,8.619014858666446,Moderate (3-4),Medium,Visual,5.88,D
1.7732148833812822,88.82343757689215,6.844839313149361,100.0,7.029318208213641,None,Medium,Auditory,6.11,C
11.833855765256462,74.53700439232847,7.411233780750667,77.25048935710704,7.3851970764232275,Moderate (3-4),Low,Auditory,5.86,D
1.0,99.79890994981551,9.105150258905251,79.70308483218938,8.20268340004351,Light (1-2),High,Visual,7.67,B
3.912680235599936,57.92091300415127,7.522585769231563,72.76529643595546,8.872306635437116,Light (1-2),Medium,Visual,5.88,D
20.32290259301008,88.39377934547417,4.610620101962105,96.48475036162947,4.658076504540536,None,High,Reading/Writing,7.0,C
20.500601110555827,68.9120876886166,8.952613134882414,100.0,5.421470431540185,Light (1-2),Medium,Auditory,6.7,C
17.978202932494753,100.0,9.453106214278918,86.75919574147082,8.571332921683178,Light (1-2),Medium,Kinesthetic,9.01,A
8.23116699809551,100.0,10.0,81.24159355678138,6.667732773077436,Light (1-2),Low,Reading/Writing,6.21,C
14.666020507006142,66.50015118324978,4.477710740168724,80.55174249761352,6.193935052890307,Moderate (3-4),Low,Visual,5.23,D
14.97478222636602,69.7566429613713,6.937187623670495,44.23539816821381,5.495006815605276,Moderate (3-4),Medium,Reading/Writing,5.67,D
6.8914471756522,90.89381830469702,2.7522223342598227,91.17726296427226,6.333979958147069,Light (1-2),Low,Visual,3.97,F
25.523788112370056,72.19304025315728,7.495668481482577,82.01249623993765,5.31715685989141,None,Medium,Reading/Writing,6.87,C
21.1415360340297,77.31883173101643,5.51323946329981,86.42513075991087,9.509313127278972,Moderate (3-4),Medium,Kinesthetic,6.2,C
13.453250783192352,78.38082630813615,9.962202430684915,69.32806708874443,6.973076737623312,None,Medium,Reading/Writing,7.59,B
15.188200872961716,49.204902657035156,5.105693053966553,74.23314681534363,6.930459349884739,Heavy (5+),Low,Reading/Writing,4.12,F
16.458679655632867,77.79243380858644,3.459470531658929,73.8346259524524,7.705692010201398,Moderate (3-4),High,Visual,5.53,D
1.0,67.6540833890374,5.651725266735465,95.32434476109559,8.154814203119884,Light (1-2),High,Auditory,4.43,F
13.269758322355822,70.60315766400342,2.9441220118091525,74.3186024509536,8.135065787865567,Light (1-2),Low,Kinesthetic,5.21,D
10.22611026401541,99.65448005203221,7.851979018113158,100.0,8.288346332689086,None,Low,Visual,6.07,C
7.988659930735592,59.152396585811154,2.782850516738623,86.46293628522557,6.242985339050972,Light (1-2),High,Visual,4.99,D
13.032297949798316,90.19807780121965,6.551223646129686,60.864760100064025,6.642559834051767,None,Low,Auditory,5.43,D
27.583805687946658,73.81555604502287,2.759938724258846,78.07180560122065,7.92283798653073,Moderate (3-4),High,Reading/Writing,6.15,C
19.485900028869068,73.80359747256249,5.923463951834044,70.22487316765377,6.367133126032456,Light (1-2),Low,Auditory,6.0,D
11.001747071520423,89.85557844077567,9.45808068044816,47.08426295269964,6.99387204156733,Light (1-2),High,Kinesthetic,7.81,B
19.00807946949311,83.10076941853336,7.149166204584431,100.0,7.478516517309777,Moderate (3-4),Medium,Visual,7.04,C
24.795488056102016,86.55919495829296,4.945711511063118,90.54713813330005,7.942222098772452,Light (1-2),High,Auditory,7.5,C
21.472435780389382,92.52276990799291,6.443833719909649,87.99810976848968,4.866782845155758,None,Medium,Reading/Writing,7.0,C
15.417412589441218,73.03037425225016,6.532430369680004,82.48105490449556,7.857694779866734,None,Medium,Visual,6.62,C
10.471442556060982,68.81644898238375,7.3507346225181305,59.269736469613434,6.71953113057793,None,Low,Reading/Writing,4.98,D
19.88756319529513,61.72274210163303,4.039654946094512,72.74574290666845,7.848949253037257,Moderate (3-4),Medium,Visual,5.76,D
17.754397697952246,65.61884205031568,7.566621092925195,92.6267116217602,7.932318030825795,Light (1-2),High,Visual,7.73,B
21.266352540194127,100.0,1.6320950631150044,64.23169955326246,8.92949807334299,Moderate (3-4),Medium,Visual,5.82,D
19.446202611773785,96.67019371105181,5.366207805745141,42.0234602562378,8.624144377145443,Light (1-2),High,Kinesthetic,6.09,C
22.346869007235348,57.733884506879676,5.621107083587219,76.59340988328611,8.615885995132356,Light (1-2),Medium,Reading/Writing,5.98,D
11.253353519076024,58.16313064884645,7.639988286928229,77.87363668958692,8.732404382999485,Light (1-2),High,Reading/Writing,6.63,C
24.22175845944028,85.22799092577738,6.5407355348183644,82.03345124622064,7.349654781779135,Moderate (3-4),Medium,Auditory,6.09,C
16.383197232846797,86.2089719606695,3.969986503058684,90.92777965271804,7.038622104444207,Light (1-2),High,Reading/Writing,7.2,C
29.52682610837686,86.23325752976046,4.727012373529373,89.56408718346813,8.047380499814,None,High,Auditory,7.28,C
10.175685273373025,74.17566309669454,6.857624017185333,83.88154707865883,7.878497141719627,Moderate (3-4),Medium,Kinesthetic,5.92,D
27.151746622156743,76.1181860999565,6.357678784643799,97.93297082130064,6.629120515914088,Light (1-2),High,Reading/Writing,7.39,C
16.385375484238534,82.91819286239036,5.4575766026556565,57.21545328780028,7.485788090569922,Light (1-2),High,Reading/Writing,5.64,D
10.440073974698862,79.28839509439996,5.634499178878437,87.56872721716086,6.957884239858487,Moderate (3-4),Medium,Visual,5.34,D
11.61279916161975,44.71049440878697,7.75310239488672,89.39807545005414,5.9752805098479325,Light (1-2),Medium,Reading/Writing,5.95,D
12.75756884263976,74.55300554137209,5.5681533688354135,61.40656570879641,8.548552889651619,Moderate (3-4),Low,Auditory,5.24,D
17.969161624813417,65.22890348609529,6.341435760747668,57.45694086976416,7.066239091036107,Light (1-2),High,Kinesthetic,6.23,C
18.659848416248497,80.62817128362768,10.0,68.81086810286598,9.45844990923862,Moderate (3-4),Low,Visual,7.11,C
10.984099972429947,100.0,3.9373712536089385,70.07687836227062,5.049409275760201,Moderate (3-4),Low,Visual,4.65,D
14.82951785417312,83.51222498211456,3.1666830831656143,91.30129195253646,6.33186547258796,Light (1-2),Medium,Auditory,5.63,D
29.995892510283046,73.29705470741403,7.910461396637492,70.78191824463357,7.039166604029045,Moderate (3-4),Medium,Visual,7.92,B
27.09280219070498,91.82702252965878,5.278442489670614,67.15477222578194,8.364857317154696,Heavy (5+),High,Visual,7.29,C
18.054265687718225,85.24031830813819,5.927172450063283,70.82549394958161,7.479363247122622,Light (1-2),High,Kinesthetic,7.05,C
15.266024347177401,84.30141735677762,5.093918519363994,96.77948501231317,7.372567305016902,Light (1-2),Medium,Reading/Writing,6.39,C
15.840219287027828,87.10275889823507,6.032359746618478,80.19565061565429,5.647283448935023,Moderate (3-4),Low,Kinesthetic,4.83,D
19.294625809112915,100.0,9.377368601773414,77.31123461964633,5.611670323324635,Moderate (3-4),High,Kinesthetic,7.39,C
7.840452043611161,61.03667347011127,7.943831225512615,78.34991751948422,7.387005592347886,None,Medium,Visual,5.97,D
13.198364238036584,85.10448115217181,8.052002321396559,99.38090501489785,5.36307280741797,Heavy (5+),Medium,Reading/Writing,6.65,C
3.319911482856874,64.10428305027692,3.950791299573238,68.76242410095138,6.361746699652806,None,Medium,Visual,4.34,F
17.794561858236953,86.33268969513372,4.427923274204835,99.73262436410155,7.601100794903029,Moderate (3-4),Medium,Kinesthetic,6.83,C
19.530371577919187,64.21970232770859,1.3896584129262317,83.15744448382256,5.821210873267869,Moderate (3-4),Medium,Auditory,4.82,D
11.617694763904382,71.73949779592374,5.0431145220510425,77.59370927036979,8.926427154834167,Heavy (5+),High,Auditory,6.26,C
26.01790734303023,73.5736512864314,8.222065735494185,100.0,8.468723613085468,None,Medium,Auditory,7.58,B
6.419640358983612,92.63725079017064,7.430503728347068,64.16540765302105,5.11429600199404,Moderate (3-4),High,Auditory,5.8,D
4.749375838531259,91.7768166591362,6.101276126686177,74.69471360649491,5.8811545081816154,Light (1-2),Medium,Visual,5.55,D
16.571162729919806,59.31423935330423,6.4598594893075045,61.51353141254,4.257067306606061,Light (1-2),Medium,Auditory,5.04,D
22.329688118285084,78.82401166499773,5.26000602336427,94.28692955804254,6.0608903649422405,None,High,Reading/Writing,7.7,B
26.78749384020508,67.3563021787624,6.868565988323212,100.0,7.919666171886879,Moderate (3-4),Medium,Kinesthetic,7.32,C
11.78781015991742,59.12242633986998,7.878580903065107,100.0,6.503326069270171,Light (1-2),Medium,Auditory,6.52,C
22.550765834019067,74.74474424363444,3.591403782661149,98.35923129719006,7.552956692339161,None,Medium,Auditory,6.5,C
14.73044071349505,73.37275817316271,7.039365838107226,77.03569298306051,5.173198818061907,Moderate (3-4),Medium,Kinesthetic,4.85,D
13.791608900414262,100.0,8.178382767718402,74.5213853376523,7.957570305498287,Moderate (3-4),High,Visual,7.68,B
21.185619562406707,84.49439738041045,5.752819479865934,54.93245341258903,6.33386892648598,Moderate (3-4),Medium,Kinesthetic,5.18,D
19.56626014889394,57.33573748868644,7.76126110181705,100.0,7.0146036187394865,Heavy (5+),High,Visual,6.95,C
3.9652549011102547,69.52838993743586,10.0,87.03467117222702,6.888550598328337,Light (1-2),Low,Reading/Writing,5.98,D
25.335782448081268,93.32074943144097,6.312182972623595,72.62064642695775,5.47414177492926,Heavy (5+),Medium,Reading/Writing,6.99,C
24.660639479032163,100.0,7.2079526900095825,99.92085333480452,5.6162988019122615,Heavy (5+),High,Reading/Writing,8.05,B
10.621061089433294,54.210250316430624,5.171497249409495,65.40853224859998,8.16135336280411,Light (1-2),High,Kinesthetic,5.96,D
17.77062473406186,49.80113422291433,6.82625209268369,86.0993305133401,7.478790589002035,Light (1-2),Low,Visual,5.32,D
18.458211303979173,100.0,7.328488924968147,77.41056298563748,8.260058849864112,Light (1-2),Medium,Auditory,7.43,C
16.82471636076735,83.84421266056356,6.850716212486248,89.58015709820451,7.389589882603022,Light (1-2),Medium,Reading/Writing,6.83,C
11.14786392308206,64.9756090218545,4.664548424524058,79.04639691220818,7.171588761771059,Moderate (3-4),Medium,Kinesthetic,4.07,F
10.298636424433639,86.01943629183653,6.871451188385811,58.23608163333164,4.928787257599881,Moderate (3-4),High,Visual,5.64,D
14.821121503059883,38.463783914746834,9.131952689691747,81.13364559005056,6.675559963886596,Moderate (3-4),High,Kinesthetic,6.36,C
23.209103134815553,78.05063259895742,7.307544376126149,95.73296212813042,6.967138815515507,Light (1-2),Medium,Auditory,7.69,B
18.805201082161027,82.91731759264628,8.231576940329314,79.56175391219023,9.34372863792709,None,High,Visual,7.8,B
12.405699675397258,91.86405209306744,6.07337845397727,91.6267268238363,7.824347958518413,Heavy (5+),Medium,Reading/Writing,5.57,D
20.401890974538414,62.791560715611936,7.849820430962679,64.3170577148892,8.843273418051433,Light (1-2),Low,Visual,6.02,C
1.0,79.28530742105039,7.002682108789747,79.60608810095222,7.717045247073674,Heavy (5+),Medium,Reading/Writing,6.29,C
23.041359902604725,64.11863060910619,4.788360686562982,70.63234317367134,6.146436127660625,None,High,Visual,6.18,C
2.822003548553303,81.83075633511476,7.073337808637974,91.20471260157065,7.140549059379822,Heavy (5+),High,Auditory,5.85,D
12.462913410178075,64.56980516455464,4.714946005807441,80.47237343392993,7.28346837551708,None,Medium,Reading/Writing,5.45,D
7.162310737616993,71.87848741259668,5.360815505207374,90.35110514504919,5.873013316275182,Light (1-2),Medium,Reading/Writing,5.77,D
5.937229669953659,63.062769078146566,6.840790953126273,96.315656392368,6.538735148088494,None,High,Auditory,5.78,D
23.125787511649634,87.76704362735485,7.035039692084223,90.37427862682082,6.753079607587393,Moderate (3-4),Medium,Auditory,7.26,C
11.726091590816761,90.87676674984998,4.359381562861167,84.09677651440467,8.926743799078142,Heavy (5+),Medium,Visual,5.3,D
17.42552717211501,74.48069145063879,8.397174388129176,65.02681612232892,4.503111369530826,Light (1-2),High,Auditory,7.31,C
14.671555947845711,78.57356992440043,7.529611300940851,79.95820833999647,8.446982104859252,Heavy (5+),High,Kinesthetic,6.75,C
18.33928579056185,56.27112878049684,5.231488815900409,72.0036439697625,5.8758457180487405,Moderate (3-4),Medium,Kinesthetic,5.41,D
15.537753237421787,73.50485027989819,3.732347366391484,74.8390406494366,5.353504975276463,Moderate (3-4),Medium,Visual,4.62,D
6.019054430680013,77.24693074437383,6.239171757653423,74.38198773874623,8.415930556046156,Moderate (3-4),Medium,Visual,4.97,D
21.973867736129982,100.0,5.697301315049912,65.30111637826633,7.878277683081257,Light (1-2),Low,Kinesthetic,6.63,C
11.543703917870813,61.320494613387545,6.703652822695441,50.63992116299015,8.505422442857428,Light (1-2),High,Reading/Writing,5.85,D
4.103926709381742,99.96265858128656,5.84639000991998,69.9778542750835,7.960842337054692,Heavy (5+),Medium,Reading/Writing,5.55,D
12.003193873238612,92.95288160198712,2.886577650658982,82.90069177886238,9.471814002084882,Heavy (5+),High,Reading/Writing,5.49,D
25.50531853444018,82.20954606735205,5.800975511057915,59.77734431858765,7.670468604333382,Heavy (5+),Low,Auditory,6.16,C
20.951552194794452,100.0,5.949885600077037,80.23523354707436,6.81222714865221,Heavy (5+),Medium,Auditory,6.18,C
12.559435059144985,83.58158208910294,7.640589844593306,100.0,7.411511652785611,None,Low,Kinesthetic,6.15,C
12.555196069770998,83.83738793501894,5.243240585700111,95.34584832878359,8.492162954015157,Moderate (3-4),High,Reading/Writing,6.88,C
12.748554641478322,77.20319020473681,9.521614412070619,100.0,6.06474960968786,Light (1-2),Medium,Visual,7.79,B
29.537235884925884,96.35353323627942,3.059047008826837,85.8669181539909,6.217733700962343,Heavy (5+),Medium,Visual,5.93,D
17.673548165620872,94.44703850716326,8.860101496044724,97.51264734479669,6.629247982482511,Light (1-2),Low,Visual,8.23,B
18.010291530337486,68.6148406875568,6.096225852419411,69.14052904298319,4.474500641481601,Moderate (3-4),Medium,Reading/Writing,5.84,D
22.211984178222895,58.211292081018485,8.047252770218401,70.33489599467023,7.165694090101057,Light (1-2),Low,Visual,5.66,D
16.671524113185594,74.95529043906514,6.643642671305719,38.912896907937906,4.736645555258768,Light (1-2),Medium,Visual,5.74,D
13.186704979255078,65.9994215340353,8.551199964845845,97.79218211063449,7.063671175519143,None,Medium,Kinesthetic,6.34,C
13.625551056405152,77.04713138076967,5.80274846380494,100.0,8.0383477073623,Heavy (5+),Medium,Visual,6.15,C
14.498791184101552,96.56157202026209,4.522483234679938,71.70234131979095,6.427748247227397,Moderate (3-4),Medium,Visual,5.62,D
14.739444344431108,71.14047517369815,9.056907717087913,76.19072440404148,9.012539044224244,None,Medium,Visual,6.79,C
20.09340680545886,77.35764928032637,6.295734837412146,68.69206829463558,5.247398920697814,Moderate (3-4),Medium,Visual,5.58,D
15.363621200651096,78.87034102212593,6.898805252523579,85.73980327216238,8.4295128179582,Moderate (3-4),Medium,Auditory,6.81,C
20.128480540509052,90.72646323307927,8.722553445280631,96.8739881795486,7.810164467688305,Light (1-2),Low,Kinesthetic,6.65,C
14.434983939239924,44.29665999023092,4.642480564230017,53.858420391784385,4.940760102027173,Light (1-2),High,Kinesthetic,4.28,F
15.550446332212633,68.89949557852054,7.5718836157506635,86.14157795963378,10.0,Heavy (5+),Medium,Auditory,6.45,C
1.012595208275247,81.16925538419208,5.438189438366797,75.84992342421282,6.923505657395241,Moderate (3-4),Low,Auditory,5.2,D
21.41429372291737,96.00118434640292,6.262095159840131,81.70091587950034,5.947019173413242,Light (1-2),Low,Reading/Writing,6.33,C
17.425419331285948,70.62146328740693,6.63010213769172,86.88491002511437,5.31149536625918,Moderate (3-4),High,Visual,6.96,C
21.986070769017566,49.85170940937189,3.799600649395515,77.17696341840768,6.735978366808391,None,High,Visual,6.14,C
1.0,87.29567168949204,5.0980933229232175,78.4461971989133,6.847111753132048,Light (1-2),Medium,Kinesthetic,5.36,D
29.61862293346509,68.46956416761556,8.93193120634365,76.79187248668042,7.123174634247597,Light (1-2),Medium,Visual,7.45,C
14.022872602913784,60.155000113644576,8.095144139452632,94.55474302682423,6.642644612531248,Light (1-2),Medium,Visual,5.91,D
22.757279717162618,68.63481915430164,6.387248760810977,86.28139940191245,7.759870372138113,Moderate (3-4),High,Auditory,5.79,D
7.720658510121284,75.23211963516226,6.937622225323207,83.3087530660604,6.5348442008041046,Heavy (5+),High,Auditory,5.86,D
19.28941733543799,68.92883003192681,5.9703634898543765,60.93572418361576,4.678043059311435,Light (1-2),Medium,Visual,6.31,C
7.626091057784407,44.91650914351396,8.941850094490368,74.32130385180268,6.820766205220431,Light (1-2),High,Visual,5.65,D
10.633617275129364,91.45599295330697,6.139365359970505,93.48003740508761,4.159026815952066,Moderate (3-4),High,Auditory,6.8,C
28.398219477067503,97.12312561918083,6.9173157658427264,80.56544859685884,7.424524757069667,Heavy (5+),Medium,Reading/Writing,6.85,C
13.665223194656575,87.77282987009258,8.562854259455717,89.89297204383708,5.824839723660838,Moderate (3-4),Medium,Visual,6.92,C
16.52203011225806,60.93471494362775,5.100731327277368,100.0,7.19603242589896,Heavy (5+),Low,Auditory,5.45,D
21.09047411482128,74.97762699078723,9.305820532094408,95.57909103813225,8.576889977829525,Light (1-2),Low,Reading/Writing,6.99,C
18.46977321580823,77.90218027155812,3.7451694624619214,81.39737506549613,5.8615015656784,Moderate (3-4),High,Kinesthetic,5.89,D
16.052932336005036,86.98191584342865,9.433355836003038,72.33516244706409,8.273507510214541,None,Medium,Auditory,6.91,C
17.554727017263577,88.02510733077122,5.829183948886445,41.69675605916153,6.479932519976616,Light (1-2),High,Visual,6.61,C
31.823909096667926,66.98739301832256,6.063142253914493,77.47422616290721,9.103833762478702,Light (1-2),High,Auditory,7.53,B
14.596668420764903,79.22993334620341,3.097981691870703,75.10981256274727,6.561816864162144,Light (1-2),Low,Reading/Writing,4.76,D
16.407693327004772,84.85920606922862,5.681369508720152,85.85549291593064,5.991408417391971,Heavy (5+),Medium,Visual,6.69,C
22.354580772053282,99.83733483220149,4.628348244151608,77.69142159537968,7.824686140474346,Heavy (5+),High,Auditory,7.02,C
22.738681530705886,88.56759809737085,5.406236578327749,75.19422410844808,6.477052324451637,None,High,Visual,6.52,C
23.30921213892266,89.83585031063278,6.252840261580017,53.30901604239169,5.99026058304519,Light (1-2),High,Visual,6.89,C
19.471111554204292,79.25739941894041,8.22402490605123,65.900482562749,6.426592179155451,Light (1-2),Medium,Auditory,6.69,C
6.998965610886614,99.15688717805256,6.873686032521126,87.14976561200837,6.946472161380398,Light (1-2),Medium,Visual,6.38,C
26.434020726107672,84.14644193939246,7.053817976122005,100.0,8.610616157493824,Moderate (3-4),Medium,Kinesthetic,8.59,B
6.975582248869184,65.08368134739644,4.5280651000779875,78.53711924381565,4.679094705448508,Heavy (5+),High,Reading/Writing,5.14,D
17.118448256673233,99.05054955187786,4.914642638715086,84.91716610361185,7.027696790740505,Heavy (5+),Medium,Auditory,4.98,D
9.720069049864495,88.46854908808541,9.737705033032361,94.28717235429208,7.749884313584851,Moderate (3-4),High,Auditory,7.33,C
14.551031573849052,71.35433968307277,5.176638137426156,67.83659095699625,7.232138289990155,Moderate (3-4),Medium,Auditory,4.3,F
17.301336872124363,70.80760548901135,9.481174853703132,85.50221064928164,8.57183820332024,Light (1-2),High,Visual,7.59,B
17.24950050815191,82.44863317711143,6.062489842014441,68.89264840501762,6.910785604289771,Light (1-2),Medium,Kinesthetic,5.03,D
17.953445279646992,84.94777192901377,6.504118285058308,92.97236657736516,6.778538269376866,Light (1-2),Medium,Kinesthetic,6.17,C
26.295978883410527,80.95938398446809,8.426657288413875,82.27104571927599,7.710795456416012,Moderate (3-4),Medium,Visual,6.7,C
18.17474011059786,82.66963010164328,8.789406359489583,84.4767772097216,7.119176577941619,Moderate (3-4),Medium,Visual,7.29,C
13.29090355296546,100.0,6.300537391497643,68.26102103872117,6.531509514063435,Light (1-2),Medium,Visual,6.27,C
21.748610178018502,94.07314728352328,5.80116250366123,90.60548539416178,7.619372847503656,Light (1-2),Low,Reading/Writing,6.72,C
23.32629342247248,80.85953386897536,6.399343192660016,100.0,6.2169660481400255,Light (1-2),Low,Reading/Writing,6.6,C
6.406745294041052,92.11965871151224,7.108323550817813,64.8813245685769,6.266587417576807,Heavy (5+),Medium,Kinesthetic,4.76,D
19.18180048894901,62.512141447086904,8.104346636365559,74.90361488528714,6.366407173881264,Light (1-2),High,Reading/Writing,7.33,C
19.908209196176287,83.96890574920214,6.507613746189473,83.47411211252138,8.623682992199688,Moderate (3-4),Medium,Auditory,7.52,B
12.917055476480057,100.0,7.613995336441676,91.79609317993724,4.0,Moderate (3-4),Low,Reading/Writing,6.57,C
24.629947693181336,74.72931156911439,9.449047518087694,71.60680572065797,7.474718601715531,Light (1-2),High,Reading/Writing,7.85,B
13.949610890772313,65.28549107071373,7.186357302076613,37.5045456478589,7.041126177040267,Moderate (3-4),Medium,Reading/Writing,4.63,D
15.879035174300796,68.21866667110409,7.060975140808601,100.0,4.982955448914256,Heavy (5+),High,Auditory,6.12,C
13.788497230012913,61.655504439864174,3.765960514837878,91.40759179376214,7.371672134963203,Light (1-2),Medium,Reading/Writing,5.44,D
15.109053333070273,66.22857137808445,1.7646857537076857,53.85578704270002,7.570902390197839,Heavy (5+),Low,Reading/Writing,4.07,F
7.326074391733587,72.44237852114956,7.199076312614303,70.88646812330666,7.70756707762888,Light (1-2),Medium,Reading/Writing,5.9,D
4.919643821839939,56.91649471232037,6.32931638369443,100.0,4.0,None,Medium,Reading/Writing,5.59,D
26.161535442574806,78.23427500924404,5.573391185153464,100.0,8.639667294225326,Heavy (5+),Low,Reading/Writing,6.71,C
9.071270561771705,91.53415760679971,6.93835436753542,94.07960034018417,6.114715954378191,Moderate (3-4),Low,Reading/Writing,6.15,C
8.06025355380585,64.38365729779619,6.391273287445565,77.35831349060206,7.823881296103812,Heavy (5+),Low,Reading/Writing,4.48,F
1.0,100.0,8.530004451141018,81.24481128218765,7.889288536818743,Moderate (3-4),Medium,Reading/Writing,6.42,C
10.527267766173484,85.66188132791392,6.65499956286616,78.0361129231081,5.947963497256849,Heavy (5+),Medium,Auditory,5.26,D
5.738371446147511,93.45870878436085,5.155538086873698,96.92359674903255,7.79255194282186,Moderate (3-4),Medium,Visual,5.68,D
26.494106120954584,68.13248169221794,8.28229923012672,66.86236390257335,6.5374081109051705,Moderate (3-4),Low,Visual,6.65,C
22.068719625398437,90.81787840599924,6.109164065096835,67.91300517673693,4.5143473847942115,Moderate (3-4),Medium,Reading/Writing,7.21,C
10.182947583755933,61.6209914940703,7.447766030610153,95.15411880254024,8.401290310633335,Light (1-2),Medium,Reading/Writing,5.55,D
30.76705063741016,91.35371251254763,5.640660728852959,79.33457816732657,6.069946044380512,Heavy (5+),Medium,Kinesthetic,6.98,C
21.87235840894116,80.57759009690297,5.3303116061046145,100.0,5.974607844714335,Light (1-2),Low,Auditory,6.87,C
12.726180315439642,86.29876829977175,6.651502814334253,69.92731689529181,6.516320958355934,Light (1-2),Low,Auditory,6.02,C
1.0,60.36608091562722,6.523091558378633,79.17832459491763,7.326684070392866,Light (1-2),Medium,Visual,5.4,D
31.036598008135194,64.57395236585093,7.3636886636603,66.1638052273407,6.931275507013478,Moderate (3-4),Low,Visual,6.72,C
5.272992732654828,86.95842327380078,6.016437644042464,80.11044022135351,7.657680309648605,Light (1-2),Medium,Reading/Writing,6.36,C
3.4822087713017567,63.77477993663699,3.1945523892132845,57.82179594501802,5.392612760165609,None,Medium,Visual,3.14,F
22.15799302406748,84.94809438148684,5.721007009540901,72.68549868567555,6.109136355483119,Heavy (5+),Medium,Reading/Writing,5.45,D
32.07826684437491,57.49293290309632,7.928873240858868,58.456192026078234,6.86080351321416,Light (1-2),Medium,Reading/Writing,7.0,C
24.68990972957363,90.72261319000002,5.964723057362408,90.40884849786887,9.277464751190447,Moderate (3-4),Medium,Auditory,5.89,D
18.947363840366517,59.51215027847236,6.056509875473814,90.74884009639477,6.863424953903491,None,Medium,Kinesthetic,6.51,C
19.163280391657,86.28449906519285,8.275477710630687,54.046059042734825,8.302266716393959,None,High,Auditory,7.79,B
20.973908911462154,87.38446400469002,5.218448190933939,100.0,7.046266202541181,Light (1-2),High,Visual,6.96,C
20.312500128507356,67.54842272355637,3.7229542071627804,100.0,6.419609635074918,Moderate (3-4),Medium,Kinesthetic,5.32,D
16.96833996778563,86.7303985062709,6.21086398485411,80.69009580104512,6.703930691062672,None,Medium,Kinesthetic,6.17,C
15.729407727663132,81.90663395000334,5.628486887752273,70.38328609663033,6.797896345565342,Heavy (5+),Medium,Visual,5.63,D
14.561848104703342,69.91737215710893,4.760756624444142,100.0,7.724374886752886,Light (1-2),High,Visual,6.39,C
9.722247877933267,62.871679738856876,6.184318779382357,60.21547252546234,8.649533521091865,Light (1-2),Low,Visual,5.14,D
13.035274461932582,48.56061462491131,7.38471016504421,80.30159700303648,7.431617017223585,Light (1-2),High,Visual,6.19,C
3.1493023006323018,83.2447507094954,6.483280589177932,82.69433408947886,8.424493214490106,None,Medium,Kinesthetic,5.94,D
14.31162261243675,54.52795842956917,7.052565930835228,100.0,5.8422523148443775,Moderate (3-4),Medium,Reading/Writing,6.22,C
8.079862249943577,79.43016299161962,9.764133857327762,85.39608462690182,6.5024433894231635,Heavy (5+),Low,Auditory,5.78,D
7.274874779489604,74.04827675876626,5.882818049196384,72.52049156317322,6.1308369589508,Moderate (3-4),Medium,Kinesthetic,5.71,D
16.25925905807435,88.18714163157293,7.001027542360405,65.73223444418066,7.377333509049823,Light (1-2),Medium,Auditory,5.71,D
24.744016004412195,73.46931750765204,5.583415947321558,74.87267269630797,6.569249937784703,Light (1-2),Low,Auditory,5.85,D
21.42821624201619,73.05828320479363,4.976552504203449,64.89608958582284,7.875727524441034,Light (1-2),Medium,Kinesthetic,6.24,C
4.006495774637761,88.97806056432444,5.447166223848014,80.71737979677025,5.88279794604107,Heavy (5+),High,Kinesthetic,5.11,D
8.072603044007638,83.02587043626177,5.638234571260961,71.5370573020927,7.051637167985538,Light (1-2),Medium,Kinesthetic,5.54,D
21.585398315917512,82.74233935774167,7.147056435584826,57.589433100653736,7.824229493214707,Moderate (3-4),Medium,Reading/Writing,6.77,C
8.122588245231832,85.03901384712789,10.0,98.82718682562356,4.521636669951268,Light (1-2),Low,Reading/Writing,6.34,C
13.427567950020828,54.966418151893414,5.211121814703487,72.53491214856442,9.545957568796243,Light (1-2),High,Visual,5.73,D
18.850364693171862,89.35183019980472,5.750074449892168,60.977947925370316,6.66021773814415,Light (1-2),High,Reading/Writing,6.61,C
8.221588815954552,87.18703191020404,6.386378576399753,77.47611298268687,4.569952103588593,None,Medium,Kinesthetic,5.29,D
15.737628543021719,62.74975307135254,7.212437927677545,81.02557348951488,7.189712678292143,Moderate (3-4),Medium,Visual,7.18,C
5.661821535572569,74.33879289488698,6.974391461518613,53.802999116314496,7.040132161567781,Light (1-2),Medium,Reading/Writing,4.96,D
10.790426492341505,77.41039068558553,8.811372429106612,84.97471500688644,6.901726744513009,Moderate (3-4),Medium,Auditory,6.99,C
17.23847353899776,75.98254823397401,2.1324942730366248,64.29263646964603,8.189429335512,None,Medium,Visual,4.51,D
3.8490438652783148,83.00789949852802,2.203526233647789,100.0,7.896933965712467,Heavy (5+),High,Reading/Writing,4.36,F
18.083323165722792,99.47050172746775,5.607419290381731,87.85940768115103,7.357451429228615,Light (1-2),Medium,Visual,6.74,C
14.862535407513231,94.22650091509243,8.475140337578676,74.00150014836025,7.540186760735978,Heavy (5+),Medium,Reading/Writing,7.12,C
18.867429680920033,58.31671209852891,3.6818335431099265,68.82248344523974,6.874769860674296,Moderate (3-4),Medium,Visual,5.34,D
16.56739893845263,87.33104985459073,1.0862617885512371,78.42548438654563,9.130589019088058,Heavy (5+),High,Kinesthetic,5.82,D
24.548983009816908,97.93399979303115,7.528122931194575,89.19186112374935,5.22496477797068,Light (1-2),Low,Visual,8.62,B
15.87657151853535,83.80212781033804,6.938583002664886,79.617588071222,7.167582009059076,Moderate (3-4),Medium,Visual,6.48,C
11.99416121212323,94.3647063777895,4.537624867761027,76.74261789294715,7.078029557426536,Light (1-2),Medium,Visual,5.37,D
15.856082521225986,100.0,4.7260287187023255,80.87555436226843,7.975936487277512,Light (1-2),Medium,Kinesthetic,6.35,C
18.803086203254715,93.35564319160471,4.754461304657586,70.94211603144568,5.987375347090121,Light (1-2),High,Reading/Writing,6.45,C
15.34202049227993,81.73962893462593,6.698963571453092,74.85191109735443,4.907592877124157,Light (1-2),Low,Reading/Writing,6.28,C
15.284141838427177,93.6763271112713,5.372632502870587,48.71311341642494,7.188187619317832,Heavy (5+),High,Auditory,5.23,D
10.086058185352712,80.17331749645336,7.389315054155936,94.60589346278552,7.337476590662325,None,Low,Auditory,7.07,C
10.359693577143362,78.35854564927433,1.3616720067720962,84.48196670482643,8.787519291337178,Moderate (3-4),Low,Visual,4.41,F
5.181763097402145,72.72878646429402,4.957666642769961,68.39816233949855,5.475565544409896,Moderate (3-4),High,Reading/Writing,4.32,F
27.247037202308576,100.0,4.47310287036011,100.0,8.385632520060064,Light (1-2),Medium,Visual,6.81,C
6.292957352261004,65.72357001086998,6.038586778929514,81.30524720588579,9.840897236832546,Moderate (3-4),Medium,Kinesthetic,5.59,D
10.149663615428649,100.0,5.531514034717751,64.45784642037205,6.546682134973027,None,Medium,Reading/Writing,6.33,C
9.97114914101562,85.49796185610558,7.93611880381238,92.85106132205688,5.450869336608131,Moderate (3-4),Medium,Auditory,5.74,D
21.264470638611087,57.01040737797088,3.153193811011896,85.97072324763894,6.511630760351955,Light (1-2),Medium,Visual,5.59,D
12.935352251955806,83.51473939487133,6.581884657395354,85.91869978226329,7.016805960845657,Heavy (5+),High,Reading/Writing,5.57,D
23.734194508716136,46.49960238522564,7.50500556178107,73.61366593022615,7.676545450008297,Moderate (3-4),High,Visual,6.66,C
10.28556563029292,87.38262025246553,9.84196538581152,86.75743585667053,6.290326324194343,Heavy (5+),Medium,Visual,7.41,C
16.952959135566616,91.27847224483486,5.632821252031745,76.07362564668358,8.866238240976811,None,Medium,Visual,5.98,D
9.1525706271817,69.11466066521919,7.084025487834531,88.33912177468764,5.662561221990326,Light (1-2),Medium,Reading/Writing,5.18,D
30.01604389441372,79.85321543933374,3.253046973387743,51.42583318984042,4.912953817392641,Light (1-2),Medium,Reading/Writing,5.79,D
6.68681106679341,100.0,2.194478832236557,73.49189805531216,8.328052509144781,None,Low,Auditory,3.94,F
17.16874497158919,70.41379943607095,8.02059387640706,100.0,4.270454762552561,Light (1-2),Medium,Visual,7.12,C
19.436438166524688,62.11638619415099,6.4899914714334725,68.49398816899549,6.755044277352741,Moderate (3-4),Low,Auditory,4.93,D
17.896593682160486,100.0,8.621322841637161,70.9424255376022,10.0,Light (1-2),Low,Reading/Writing,6.73,C
13.702986387856042,100.0,4.027874799854452,73.28057992325037,6.9855477364480825,Light (1-2),Low,Visual,4.3,F
14.091255101866016,78.0554350777177,7.4358238511517545,61.77790796167035,5.6550788191645,Heavy (5+),Medium,Visual,5.87,D
15.306680303853767,93.17194553112535,9.863872112978935,46.875788356576216,6.931123043455847,Moderate (3-4),High,Kinesthetic,7.2,C
13.97098598860058,98.12213873296321,7.255470095043078,76.5412040221458,6.939039053656559,Light (1-2),Medium,Kinesthetic,6.01,C
21.747153817564367,66.86273651192424,6.997846710063888,82.03789136122485,7.1927799284237395,Light (1-2),Medium,Kinesthetic,6.58,C
30.47366101113946,70.72041246948197,6.5154009454838295,79.21242397192022,7.794715578591544,Light (1-2),Low,Kinesthetic,7.07,C
11.097557504945165,96.46311769732102,3.672413377173358,77.8268215707817,5.753066597958713,Light (1-2),Medium,Visual,5.27,D
5.411379142946455,100.0,8.940031284278627,80.64561306275581,9.025057666284152,Moderate (3-4),Medium,Visual,6.87,C
14.382025661541217,86.44321290261533,5.400456248350881,95.34262207326147,7.294137141247141,Light (1-2),Medium,Auditory,6.33,C
33.05796536358023,64.80278469746918,7.40806986148943,77.14330721106175,7.872152855682165,Heavy (5+),High,Auditory,6.88,C
9.374278024211884,100.0,3.6865382481717437,71.38876134369096,6.246220720293229,Moderate (3-4),Low,Kinesthetic,5.65,D
26.47381763810847,70.03543653282053,4.376972603885996,75.78311772667871,8.54365856439464,Moderate (3-4),Medium,Reading/Writing,5.8,D
26.743905698535084,72.97293328242823,9.083157318600025,88.69020139635164,6.691537109424322,Light (1-2),Medium,Reading/Writing,8.1,B
11.124882308044038,83.13506751734432,5.8748558798758825,100.0,7.333063016192238,Light (1-2),High,Visual,7.07,C
18.982881554296927,100.0,9.11589585687658,70.57784391246233,5.880272707375469,Moderate (3-4),High,Kinesthetic,7.65,B
26.398776361899767,90.80963964828335,6.359184813694668,81.48400680543325,5.803682048317448,Light (1-2),High,Kinesthetic,7.79,B
12.34610581308759,84.22298250542866,3.1845840086758566,85.07536162903939,7.825846367743459,Light (1-2),Medium,Visual,5.4,D
13.574937479283468,84.9493279517716,8.105721679517098,65.11132989906766,6.467671803751137,Light (1-2),High,Kinesthetic,6.17,C
10.928233602359494,78.65272002965199,5.438193828039906,80.30625750819377,5.975412294994747,Light (1-2),Low,Visual,5.02,D
7.8967028851499315,86.37209271777759,7.757639864330678,58.01489213986858,6.228179989567564,Moderate (3-4),Low,Visual,5.07,D
10.45505718453795,40.05659883458546,6.5453795615721475,53.46424544390902,7.838743686060905,Light (1-2),High,Reading/Writing,5.13,D
6.432418132664203,73.55088811395302,3.7223871897028333,85.50119611838386,6.245154566555667,Light (1-2),High,Reading/Writing,4.68,D
15.238584277814583,81.61982902375172,6.795730577667024,74.24187888003826,6.858814082077403,Light (1-2),Low,Visual,6.44,C
9.610187382589508,60.73478874570739,10.0,83.03420611431828,7.018033300344516,Moderate (3-4),Low,Auditory,6.81,C
16.636501382535233,83.7948497671734,7.387375625326027,79.73157534487476,4.699181336787641,Heavy (5+),Low,Kinesthetic,6.25,C
4.108730476574609,74.93293168520817,6.396468044590167,65.35399927004303,5.234648313551778,Heavy (5+),Low,Reading/Writing,5.1,D
17.3161616255012,100.0,8.435618123522415,79.32118547053496,7.403533467097075,Light (1-2),Medium,Reading/Writing,7.25,C
20.834702731262475,100.0,6.8792032373656,61.50348042477717,6.115564766616764,None,High,Visual,6.88,C
1.0438505019998114,71.01291646322755,6.87716161447303,100.0,8.268069893536502,Light (1-2),Medium,Visual,5.27,D
17.618395988933006,75.73743432649957,4.535074690113615,59.66044482710054,8.160168525100653,Moderate (3-4),High,Visual,6.15,C
23.593682947313045,76.89078651587411,6.920926446421277,77.06322093547128,7.863002399626525,Moderate (3-4),High,Visual,7.3,C
6.532512869161561,71.22510785760566,8.363798149550501,64.36592617929128,9.183726144775116,Moderate (3-4),Medium,Visual,5.78,D
26.708006707863923,80.9253747604219,4.995088126219955,88.55631760041193,6.900292806708181,Light (1-2),High,Visual,7.81,B
17.933133065562316,66.62576896668615,9.064092478244506,75.02852943077745,7.778658311084607,Moderate (3-4),Medium,Reading/Writing,6.99,C
10.064917009691138,61.04076997593711,6.334929156538773,72.21999920568184,6.298718828084763,Light (1-2),Medium,Auditory,4.88,D
14.609616456396058,87.34066835850403,4.902014879230627,92.79802317577332,9.942843895442468,Moderate (3-4),Medium,Kinesthetic,5.63,D
18.908288387652057,87.44294376332716,8.29573773845644,80.44145887516328,9.380360382923223,Light (1-2),Medium,Visual,7.64,B
15.532037739886881,65.93526360510012,5.983770375671115,87.74966668903951,7.01425652142135,Moderate (3-4),High,Auditory,6.77,C
18.771291947124585,91.430331461439,7.867126797474994,65.28011095223803,7.46390347588623,None,High,Visual,7.59,B
8.555284848444437,68.52633406252002,5.974834461934633,58.9277458410874,8.631157119237766,Light (1-2),Medium,Auditory,6.11,C
16.185525768252546,81.79747857056972,6.392312941646173,81.608119430602,6.823432594223072,Moderate (3-4),High,Visual,7.5,C
5.1039985216651385,90.30516018918684,7.388408367801725,75.21730466757903,6.212051115040355,Light (1-2),Low,Kinesthetic,5.7,D
14.221417570559097,77.49581152944431,7.023614703662011,89.39652008680916,8.048787701208258,Moderate (3-4),High,Reading/Writing,6.47,C
8.672646509746471,84.82111368211702,2.9080427951868706,78.80137321006175,7.094127095300404,Moderate (3-4),Medium,Auditory,3.99,F
9.851290401871633,70.25355534168642,4.481761267830095,83.07613008851945,7.219593339574312,Moderate (3-4),Low,Visual,4.43,F
23.652652226473062,75.05300124857854,8.172937972623467,55.64926205088135,5.998874388318441,Light (1-2),Medium,Reading/Writing,7.19,C
22.639170844159885,74.91210853679489,6.2621541399772145,100.0,4.938793421963925,Light (1-2),Medium,Reading/Writing,7.7,B
19.26396684635024,66.80132480189641,5.557283655011441,77.53637022451952,7.283370891854921,Moderate (3-4),Low,Visual,5.59,D
7.353810647291947,75.34838755326327,4.054566772536546,90.46380455508799,8.08595444979304,Light (1-2),High,Reading/Writing,6.28,C
12.785140852136387,54.7707255170438,4.556474621703472,67.4586249467056,6.729031901108749,Moderate (3-4),Low,Kinesthetic,4.04,F
23.491683899854284,70.63269379286842,2.8607624480684946,84.6201485332601,8.72371542347064,Light (1-2),High,Reading/Writing,6.51,C
15.992018395479333,73.72686759945493,6.317694706337241,60.457328547128824,6.155300409501347,Light (1-2),High,Kinesthetic,6.6,C
31.23530677987186,74.1573037125693,5.422812354954115,86.78101757389507,5.734354654040896,Light (1-2),Medium,Kinesthetic,5.76,D
17.7532248757606,74.37753831193832,4.760141796226433,74.6603887342125,6.919323631364643,None,Medium,Kinesthetic,5.28,D
16.34434381543022,77.07353700209806,6.377377834697684,80.43785755903352,6.900888909578452,Light (1-2),High,Auditory,7.15,C
12.83618475058249,85.19162277129095,7.1551471355349285,90.46961045195147,7.923962477602267,Moderate (3-4),Medium,Reading/Writing,6.64,C
15.934786333475977,91.11775611198783,10.0,61.5118953316958,6.070044611123218,Moderate (3-4),Medium,Reading/Writing,6.55,C
13.932711145336192,68.25352159727599,3.7786098447862155,69.73262404080805,8.641713084177878,Light (1-2),Medium,Reading/Writing,3.88,F
19.956760736820133,59.951987169162834,8.58688587794094,86.85986421630149,9.360300355009905,Heavy (5+),Medium,Kinesthetic,6.41,C
21.696916217562087,62.36933381635345,8.251582809827129,100.0,6.953027167637989,Light (1-2),High,Visual,7.59,B
9.498073776444354,70.6919561820761,5.0976330691219385,77.92876498007777,8.499652504221181,Heavy (5+),Medium,Auditory,4.54,D
5.681369325095554,72.72118023275236,6.8658247182548555,88.86704176885898,5.732203515249688,Moderate (3-4),Medium,Visual,5.61,D
2.1465623882769247,66.45005900703813,5.6762601511922925,78.3954279521228,8.290265849418299,Moderate (3-4),Medium,Visual,5.06,D
18.555939288387805,58.55825003625158,6.83423944475373,100.0,8.256731690271355,None,High,Visual,7.23,C
7.276433756782884,71.15818758788717,9.21643582412819,53.79167499552116,8.036124736227855,Light (1-2),High,Reading/Writing,5.42,D
1.0,80.72139930170957,7.590091218736363,81.41931567004038,6.981324293355647,None,Medium,Visual,4.97,D
17.720050231716748,86.92544198753347,7.415495071820196,55.616839496569085,4.0,Moderate (3-4),Low,Reading/Writing,5.65,D
32.450996622029535,69.63865420337518,5.725443224081643,42.40142644194925,6.229927427617445,Light (1-2),Low,Reading/Writing,6.22,C
14.957503619220747,71.8050326678485,3.828698003136197,84.46193079676725,6.248900778778477,Moderate (3-4),Medium,Visual,5.39,D
20.869435421161494,64.09952536729034,6.124757221027266,82.09246694221189,5.826094074327427,Light (1-2),Medium,Visual,6.38,C
15.572805509832955,77.52841244437835,8.671894678755047,75.72744593386697,7.146691605456479,Moderate (3-4),High,Reading/Writing,7.03,C
14.307772427662002,65.27357048713777,3.751097858138634,78.4070886494037,6.497243865374519,None,Medium,Reading/Writing,4.81,D
21.43353538091438,86.596917198618,4.600839137281949,100.0,6.010465588281974,Light (1-2),Medium,Kinesthetic,5.99,D
12.96807819067944,51.21200262098833,6.727281925221322,76.12737292952849,5.729439822102616,Light (1-2),High,Kinesthetic,6.27,C
16.87174619850332,72.60555491321307,4.727621387274928,87.65186541875113,6.141384417417726,Light (1-2),Medium,Kinesthetic,5.19,D
17.251884643372094,82.51661008787613,5.073457795192617,70.25952770579178,8.345799054219913,Light (1-2),Medium,Reading/Writing,6.4,C
10.32336682449866,80.75751774483757,5.737522552889281,84.42848862560905,6.206769934447007,Moderate (3-4),Low,Kinesthetic,5.21,D
21.944296446755658,100.0,4.0418886724577305,76.42649487416574,6.382073552280073,None,Medium,Kinesthetic,6.03,C
13.775281703132139,83.24700036851861,4.746580676810537,73.84222275905405,6.451962861972104,Light (1-2),High,Kinesthetic,5.65,D
9.709783883550088,62.93918104736984,7.766170250217156,100.0,7.406792216571303,Moderate (3-4),Medium,Visual,5.44,D
18.755568904992824,76.56803629366391,4.146734391984264,97.65777444776509,7.547499386234239,None,Medium,Kinesthetic,5.47,D
8.71072412746274,51.356304998003225,3.623830157909292,82.05119971098846,4.0,Heavy (5+),Medium,Auditory,3.77,F
15.197268101583898,76.79100376054859,5.36595503683899,45.4368209608405,8.22596225659313,Heavy (5+),High,Reading/Writing,4.45,F
14.936167023490576,65.50415914498862,7.817519904517722,74.58486165121145,8.723641641092504,None,Medium,Visual,6.15,C
22.601268960821045,91.73085413340243,6.145540745605599,100.0,5.7397761551659965,Light (1-2),Medium,Auditory,7.49,C
18.32288763015967,69.75689588106698,5.663754059391887,76.54007500040437,5.833242106318198,Light (1-2),High,Visual,6.66,C
14.824811288783993,76.2485112630713,6.579845835528093,96.54826358080487,6.459695934666074,Moderate (3-4),Low,Visual,5.6,D
20.72436409440201,68.46663237893395,3.357726620852626,100.0,6.092795176652074,Moderate (3-4),High,Visual,6.05,C
24.731452843121193,100.0,7.390470176795058,83.28445873783963,7.268712248735928,Moderate (3-4),Medium,Kinesthetic,7.05,C
18.904672144463035,73.18135850823133,7.19018305652656,67.37267552197771,4.6641696563693635,Moderate (3-4),Medium,Visual,6.17,C
15.072468338903665,100.0,5.763244746627702,43.470315023256674,5.658486870355913,None,Medium,Auditory,6.43,C
5.8171463735488835,90.212276431774,8.31066412123355,90.26244812913431,8.84703664020989,Moderate (3-4),Medium,Visual,6.99,C
7.544204358472392,85.23100091003079,4.47050702188453,67.77865995764678,5.886136039182379,Moderate (3-4),Medium,Reading/Writing,5.19,D
12.863427069517327,83.5309972097628,8.530236187856424,82.64225677831539,8.492113933723509,Moderate (3-4),Medium,Visual,6.5,C
10.733414584885018,83.90695947324377,6.778088598071452,61.25269490615953,7.426405834708164,Heavy (5+),Medium,Visual,5.95,D
13.691200879101878,49.08491130981585,5.894205338219288,76.02143689294697,4.828878742494091,Moderate (3-4),Low,Auditory,3.74,F
15.39654947427975,73.81674908773866,6.464227456337039,80.5057858235158,7.762395034259447,Light (1-2),Low,Reading/Writing,5.7,D
18.707849280497115,90.67736956776483,6.306923421540305,84.02890371566447,6.858799237368576,Light (1-2),High,Visual,7.47,C
14.506508553586361,77.26654224788842,8.696509213551892,63.27766718971378,6.453439532500312,Light (1-2),Medium,Visual,6.9,C
18.405511506783412,56.922152297946376,4.561977570552176,97.95366423142028,7.293948511806405,None,High,Visual,6.43,C
15.451320903670842,77.21393324133795,5.127465369536123,71.04657822902043,7.56956018268015,Heavy (5+),Low,Kinesthetic,5.04,D
1.171734035522901,100.0,8.365345205730463,54.882958093201324,7.849110186369543,None,Medium,Auditory,5.75,D
8.42465224326872,96.70337573302079,5.428037116669053,78.36464870054805,8.413903417057602,Moderate (3-4),Medium,Reading/Writing,6.05,C
13.991387109948692,77.06993985950952,8.120959539196864,80.5156296353969,7.489763095334028,Light (1-2),High,Visual,6.66,C
6.532136800112248,92.2717391558713,9.558984769415677,82.40884149757639,5.349239093456366,None,High,Auditory,6.75,C
19.199501109973433,72.50239469447922,5.776768951505059,100.0,6.43162545081857,Heavy (5+),Low,Visual,5.74,D
25.71525582640588,52.441926197599216,7.72645218783555,76.45326744896211,10.0,Heavy (5+),High,Visual,7.11,C
23.53133296188122,64.13301017805668,4.423353893588255,78.20570563446843,7.869389272458073,Light (1-2),Low,Auditory,4.48,F
13.505899903488544,100.0,7.858519936522057,63.45223428150359,9.843144760973797,Light (1-2),Medium,Auditory,7.02,C
25.435082957949664,73.89010377256044,6.85896317477618,92.30830254331846,8.674520898639022,None,High,Visual,7.93,B
16.040672200414782,74.34924030937474,7.351468907888387,82.76463596117155,7.290162485866898,Light (1-2),High,Reading/Writing,7.01,C
12.640398202173724,73.5024270558768,5.337970270336289,73.69958409058756,7.361688483737341,Light (1-2),High,Kinesthetic,7.12,C
10.706181355213422,100.0,3.5100498519790895,51.42987959801805,6.956103952147785,Light (1-2),Medium,Auditory,4.65,D
12.882712194583101,100.0,7.4058537165491085,100.0,4.9146344609842005,Heavy (5+),Low,Reading/Writing,6.14,C
12.282762270211398,100.0,2.785874325536982,61.58480053315914,7.021656702961869,Moderate (3-4),Low,Kinesthetic,4.23,F
16.192913556628415,75.61432184399924,5.928769113963437,71.13082985945442,8.452809463050636,Heavy (5+),Medium,Kinesthetic,5.55,D
16.124017867349053,82.43436733120643,8.194127359555946,85.37516766614004,6.280432006214555,Moderate (3-4),High,Auditory,7.04,C
15.0213221410739,55.25036175868813,6.845415924571465,62.05163107074971,7.494343598874171,Light (1-2),Low,Reading/Writing,4.55,D
18.058567188224448,100.0,10.0,57.59735332620285,8.021909255071836,Heavy (5+),Medium,Visual,7.02,C
23.33452392350439,60.48330673098097,8.345196474647192,48.14078625949003,5.9083834728250295,Light (1-2),Medium,Reading/Writing,6.39,C
21.646878948089267,81.25163345643944,5.322982901013963,90.81495429358453,6.458436562787602,Heavy (5+),Medium,Visual,6.77,C
4.605714220850675,61.54046208550734,6.54916408373259,71.82220632910517,5.778506211427409,Light (1-2),Medium,Visual,6.15,C
1.0,69.16699759891956,6.414732735420015,100.0,6.013401271972712,None,Medium,Auditory,5.89,D
21.540239378674915,65.4410635342545,3.6520818259769707,65.0846740155369,5.454873659616327,Heavy (5+),High,Visual,5.01,D
5.431849111092053,68.88187108986273,4.807281950328164,66.17823464856619,5.919461846346368,Moderate (3-4),Low,Reading/Writing,3.8,F
13.426642186751215,69.91315945276531,5.4906303674362515,71.51910544571898,8.703346816957406,Heavy (5+),High,Auditory,5.66,D
6.809208817584484,69.77596807612385,2.834803094859314,83.64701982707733,5.901427565091649,Heavy (5+),Low,Reading/Writing,4.66,D
2.386136936939863,90.50000867670461,6.585488242852957,72.94694991822033,7.151751062872828,None,Low,Visual,5.0,D
18.790239097433517,61.4270581040622,6.051670679624527,89.18498321003769,6.396557495594853,Light (1-2),Medium,Visual,5.41,D
20.31408612211853,81.308121405208,3.4887909776391663,65.32117415017018,8.414639124444326,Light (1-2),High,Reading/Writing,5.84,D
10.964427194912965,96.26938728458337,7.227583157499198,59.27612422304628,8.57339475592434,Moderate (3-4),Medium,Kinesthetic,6.43,C
1.0,70.30205453229905,7.788570940443727,53.02677890886339,8.036883978566737,Moderate (3-4),Medium,Visual,5.4,D
11.17628886223262,67.23121663878597,6.9086620619568,46.646387480942046,7.367361463723307,Light (1-2),Medium,Visual,5.28,D
17.742628037817827,74.54213062229624,5.916677284623853,72.22896470787416,6.722728555790922,Moderate (3-4),Medium,Kinesthetic,6.09,C
4.647619018581098,95.69587812541064,7.564595873153339,75.48529531410168,5.5697503549705,Moderate (3-4),High,Visual,5.3,D
16.28351943845409,80.91161446430037,7.724396648858044,70.52844458775225,9.332234657346635,None,High,Kinesthetic,7.03,C
14.892831055789031,70.03178558088602,7.053326425495439,98.65108695780742,6.088392378696936,Moderate (3-4),Low,Reading/Writing,6.36,C
19.05504049720762,85.2581497678206,5.01569794921743,98.42045314412202,7.79637561643941,Moderate (3-4),Medium,Auditory,5.85,D
15.837062578899072,61.46561775245365,6.997881377920125,74.97795518833247,8.271478687148077,Heavy (5+),High,Auditory,5.79,D
8.18851741382911,88.22039265664422,8.651865171485863,53.091183302120555,6.333663403713604,Light (1-2),Medium,Visual,5.25,D
23.37600051165144,84.12910961552652,5.426067694498886,71.4994233791742,8.245615032779154,None,Medium,Auditory,7.1,C
13.89029298881121,73.38287293291674,10.0,71.00267909124408,7.917055844006626,Light (1-2),Low,Kinesthetic,6.14,C
14.808868223430476,65.42121302329153,5.553864318826308,70.14297556582913,9.073556602458119,None,Medium,Reading/Writing,5.68,D
8.467124286487628,64.69978616574814,6.5583326240122455,69.53421644152633,6.436784240287946,Heavy (5+),Low,Reading/Writing,5.01,D
11.897024241659427,86.02226004518866,5.289525927188595,70.1980565641279,5.456963179264342,None,High,Reading/Writing,6.78,C
8.806381001811694,96.43470753733592,6.90188750465647,74.2018757615336,6.393412293466587,Moderate (3-4),Medium,Visual,5.96,D
13.789377580536039,68.44038379456808,3.3640009532565047,70.46688351776665,7.250624251041198,Light (1-2),Medium,Reading/Writing,4.64,D
26.981959360996406,84.87580055327226,5.517124762129901,83.12483762938388,7.069855272502068,Light (1-2),High,Auditory,7.38,C
5.396691999480506,46.694594720968965,4.534181839372579,85.40553073857292,6.52787452447054,None,Low,Reading/Writing,4.63,D
3.705070214862811,69.23073404014201,6.743609026206124,66.34032369226266,4.708963049227309,Moderate (3-4),Medium,Auditory,4.78,D
25.298192292455262,77.53411600693647,8.290005275916034,99.0659798901055,7.564579595354928,Moderate (3-4),Medium,Reading/Writing,7.11,C
13.534734259936936,64.3547487452725,7.662811136806193,65.2990654723908,9.36681337489864,Light (1-2),Medium,Kinesthetic,5.21,D
10.316490829380584,63.95240437815606,2.231013150453994,55.73299079276994,7.557101485747604,Heavy (5+),High,Auditory,3.55,F
22.279332811772534,67.9833066529667,10.0,85.71167107047577,7.730962622864216,Light (1-2),High,Visual,8.56,B
10.760691221841952,82.38289092489559,7.031503893117563,67.7388779837849,7.686934367386122,Light (1-2),Low,Reading/Writing,5.52,D
27.78206799482855,75.19006472390438,5.102301547112599,84.81937206136082,7.47645600385888,Light (1-2),High,Auditory,6.76,C
19.745481099374885,44.42653150012542,6.782830254183693,43.94497098349204,8.117999160241714,None,Medium,Reading/Writing,5.01,D
11.584620142980082,46.18949771047401,6.817141680504847,100.0,7.474448417422799,Heavy (5+),High,Kinesthetic,5.91,D
30.101157492858526,68.89702233214237,5.299672309487185,90.08440112060603,6.624787396416069,Light (1-2),Medium,Auditory,6.56,C
10.759995538976632,84.86529879080328,6.856250001215736,57.49285176255498,6.044813307989495,None,Medium,Auditory,5.5,D
20.19466760406515,36.78742735912148,5.406549882283447,57.818343142305714,6.7012316136631895,Light (1-2),Medium,Reading/Writing,5.75,D
17.095048062845443,70.50404735772554,5.772148413157959,100.0,7.376955395740799,Moderate (3-4),Medium,Visual,6.9,C
24.112189025791587,70.10628215223868,5.264697555640848,68.93930144753062,6.620700446652432,Light (1-2),Medium,Visual,5.25,D
25.93057837708797,98.82506667312671,3.921191678468625,67.48722726901065,7.377206419757717,Moderate (3-4),Medium,Kinesthetic,6.27,C
15.224029043460366,72.22467282430705,6.762505646387691,46.009218587760756,7.526980160440501,None,High,Reading/Writing,5.75,D
9.726074907576717,83.74483477111393,7.553538985729409,74.73832691597669,7.999815317524218,Light (1-2),Medium,Visual,6.15,C
18.219805000573814,80.11885710131195,7.42679047293747,76.58420577746371,8.539353962606777,Moderate (3-4),High,Visual,7.25,C
10.255992411735257,46.04150280289199,7.975865454743422,90.73239645154229,7.093608902174629,None,Medium,Reading/Writing,5.71,D
29.09371073268636,89.52310824947605,7.083812378026763,59.01382357723287,5.430668121822807,Heavy (5+),Medium,Reading/Writing,6.96,C
15.955747317579162,81.23094758184432,5.5410941032095735,57.19569811639086,6.585875083816972,None,High,Kinesthetic,6.31,C
12.44274914081524,85.62402959511884,8.01139495597614,86.76443952164715,7.052875080887919,Moderate (3-4),Medium,Visual,6.74,C
16.292762141054357,100.0,4.056468428284517,95.10095106840598,4.797077492587492,Light (1-2),High,Kinesthetic,6.18,C
5.5701159732921255,46.73830590752117,4.8787915114775355,56.432714733231755,8.666397424122978,Moderate (3-4),High,Reading/Writing,4.31,F
8.198701730425439,100.0,4.764439871438159,96.22271129449612,7.17085349501256,Light (1-2),Medium,Reading/Writing,5.27,D
23.40289735561098,73.68828720899467,8.444100906450759,80.56312762230232,7.457623401496342,None,Medium,Reading/Writing,6.77,C
10.40174004720023,82.30993356604515,8.197019325452136,96.37708008611969,8.638631755031518,Light (1-2),Low,Visual,7.41,C
7.671623121226423,77.31731632048137,7.37714942668099,78.94669457723575,6.243828603829184,None,Medium,Kinesthetic,5.34,D
18.756569267691003,71.63645499902935,8.429473757381235,42.16583123768074,7.688850317060836,Light (1-2),Medium,Visual,5.75,D
23.29992908264098,69.45250607641862,4.9172909916584215,77.72048926525942,6.868163052277677,Light (1-2),High,Visual,6.69,C
20.032673174655468,82.94263103359513,7.127471215749765,95.90215728006905,6.779095759580897,Moderate (3-4),Medium,Kinesthetic,6.72,C
21.972333800640715,55.24239454992481,6.274686028910304,66.59380971374429,6.073369134634745,Moderate (3-4),Medium,Reading/Writing,5.67,D
9.702434380013774,89.25868751282648,8.024387786992845,74.18052546638822,8.998723856423833,Moderate (3-4),Medium,Kinesthetic,7.02,C
5.047325332807095,71.7570839267212,6.292596381406044,77.35799744673533,6.549399951909315,Moderate (3-4),High,Reading/Writing,6.0,C
25.509335563688406,61.04895991439463,5.807102800861854,36.50729180197277,7.839357096274842,Light (1-2),Low,Auditory,4.98,D
12.741241128105049,71.24980713006279,7.473635333409782,100.0,4.749991135033676,Light (1-2),Low,Kinesthetic,5.69,D
13.244168884814668,96.8572382529386,8.07710450094422,66.47936480154239,8.415986235627743,Light (1-2),Medium,Visual,6.55,C
24.297358992943405,69.96997369475665,5.296978649275757,87.58603148709199,8.26265338714847,Moderate (3-4),High,Kinesthetic,7.12,C
18.89361006580462,83.3768042731443,6.390063791565723,78.69948295777687,7.116920932356764,Light (1-2),High,Visual,6.85,C
18.191214404571255,67.0356558642679,4.5948068594450255,98.8642858453904,6.727669040634491,None,Medium,Kinesthetic,4.78,D
30.15501641430759,89.3688277488543,2.003490168512709,86.09084183642122,7.4800000067362795,Moderate (3-4),High,Visual,6.46,C
10.495372387339,88.28261608185306,6.8608273365447126,76.47613592718538,9.746548793056347,Light (1-2),Medium,Reading/Writing,5.6,D
21.49488089656866,100.0,7.596029641258338,66.5972736122108,4.884115961315818,Heavy (5+),High,Kinesthetic,8.26,B
15.399091874279591,75.36654081751176,6.971720256356106,91.96776052073209,7.938432865088953,Heavy (5+),Low,Auditory,5.3,D
16.8801459520428,88.0298220713686,2.990788908042139,51.898380440680754,5.906059237415317,None,Low,Reading/Writing,4.46,F
25.69927898488772,79.47101309308417,5.868471025862346,89.68835630413838,6.976097924440323,None,Low,Kinesthetic,6.38,C
18.554850294027368,97.43807672794522,2.5069740319080536,63.51432872667691,6.702543857105605,Light (1-2),Medium,Reading/Writing,5.25,D
18.76807255334743,67.21751418586905,8.965461993777533,98.7842549293496,6.486018090642693,Moderate (3-4),High,Kinesthetic,7.32,C
22.507551361168616,89.17507969315922,4.5451017521874455,82.41949313994043,6.987441845136725,Light (1-2),Medium,Auditory,6.5,C
12.445330893199802,75.07954055824978,8.759726497027813,89.66185651775163,5.638994625666651,Moderate (3-4),High,Visual,7.85,B
9.125532328626957,77.03717734337253,8.202565358631462,81.22983220737079,8.235016523353561,Moderate (3-4),Medium,Visual,6.64,C
7.686335641852765,79.3762872667256,4.878937365435089,53.71434357288505,4.8470277865616795,Light (1-2),Low,Visual,5.12,D
1.2355038743679874,81.78360594640016,4.460987087718059,67.08906254906992,7.647717415394011,None,Medium,Visual,4.02,F
29.393449909582255,76.25656435317063,7.130666389495409,90.08584006417074,6.608156976958515,Moderate (3-4),Medium,Reading/Writing,7.44,C
7.277541439948218,81.22069774755789,4.980216733070472,82.49983726039765,5.594890127431055,Light (1-2),High,Visual,5.87,D
13.451224634899596,100.0,6.684472355884774,97.71484857958508,7.242860044718435,Moderate (3-4),Medium,Visual,6.9,C
13.062306900777555,92.78174528422828,5.630910336547547,86.04911844555758,5.131658695952226,Light (1-2),Medium,Visual,6.8,C
17.151846884663705,91.03731888745345,3.29391485396186,65.4994716394601,7.047656586063562,Moderate (3-4),Medium,Kinesthetic,5.06,D
20.710160487775077,71.16690710964194,2.4851575655759737,68.05903793419048,5.292547710626135,Heavy (5+),Medium,Reading/Writing,4.5,F
21.02331441851822,64.66138757657514,6.908031647290275,81.54376085784855,7.5535265011813975,Heavy (5+),High,Auditory,6.9,C
10.918457930017432,92.3295083735663,5.489196056604874,45.28933900999842,5.89077119964355,Light (1-2),Low,Kinesthetic,3.96,F
13.83014800349512,91.14070188794692,5.504438329554562,100.0,6.458807179564829,Light (1-2),High,Visual,6.74,C
16.978059653418097,100.0,7.752554910368813,86.62620104566336,7.3527392655317945,Moderate (3-4),Medium,Kinesthetic,6.94,C
13.25916211671517,68.94029061046156,8.612196097938401,98.40551895573309,6.072949465789317,Light (1-2),Medium,Reading/Writing,6.36,C
26.25141903213995,74.5567701695948,6.009419501548743,56.29094088786246,6.930443200398037,Light (1-2),High,Visual,7.35,C
18.43682466146776,53.407737562118484,5.8869223275622495,98.66847740532884,5.183403398506176,Heavy (5+),Medium,Reading/Writing,5.14,D
20.144144502348723,72.1129334090869,7.40025745960499,100.0,7.757050724315387,Light (1-2),Medium,Reading/Writing,6.99,C
19.64016888067189,92.94855765869171,4.057515974540765,60.18682466934024,9.117896566660926,None,Low,Auditory,5.46,D
23.214317002397273,71.00256931157703,6.901675498545854,91.5710269235565,10.0,None,Medium,Kinesthetic,7.49,C
16.26715091092595,87.60719692801236,7.493394749279878,80.01664917030939,7.109401775999727,Moderate (3-4),High,Visual,7.12,C
5.922176364309074,75.14245341003283,7.724414375151732,56.83349227627633,7.945844968956624,Moderate (3-4),Medium,Visual,5.96,D
17.79781566226849,82.86085542332341,3.013845135495563,87.39325957777805,4.863249192511013,Light (1-2),High,Visual,6.28,C
10.440501743457197,60.78462915276499,5.129560514343907,92.50404807256022,8.803281191566706,Light (1-2),Medium,Visual,5.5,D
11.299683227751702,79.27814174450852,4.91912614491776,70.9831017099673,7.931474205668927,Light (1-2),Low,Visual,4.48,F
19.104548131285654,33.13296043648915,6.679796517936583,97.48874780382835,6.41927986605852,Moderate (3-4),Low,Kinesthetic,4.48,F
23.667981500035452,75.19655762757023,7.365340243582371,54.998548898162035,8.484616960346811,None,Medium,Visual,6.6,C
15.14890103715243,53.5429013442729,9.194078733402767,57.57865780325534,6.69462870802559,Heavy (5+),High,Auditory,6.05,C
17.16183108819275,96.08991774820224,5.609062135337468,82.04896093383128,6.450369780382532,Light (1-2),Medium,Reading/Writing,6.94,C
26.915504612446668,89.66111029146766,5.604369503043415,80.38077916958407,7.57040191051299,Heavy (5+),Medium,Kinesthetic,6.91,C
16.685272256419978,85.00006472949121,8.569409633981746,69.25139767363842,5.723974600203618,Light (1-2),High,Kinesthetic,7.15,C
33.211781799262766,100.0,7.033838489354549,92.14391653957829,8.225949717279939,Moderate (3-4),High,Reading/Writing,8.0,B
18.95856751942081,63.766252187627444,8.781772720138353,87.96341471323925,5.732812225687788,Light (1-2),Low,Kinesthetic,6.66,C
2.6746606859092754,100.0,7.0197104054177055,92.87208606401023,5.739934252212176,None,High,Reading/Writing,6.09,C
20.273391347731728,91.98287346390578,4.417190086316112,78.15295346971598,5.908372253909999,Heavy (5+),Medium,Kinesthetic,5.32,D
17.668108694179445,74.4516706917158,4.100368961399948,89.03870401967511,7.911400045019347,Heavy (5+),Low,Reading/Writing,4.61,D
24.02826927857922,95.03430220774416,3.7072779516939276,73.31524545455008,6.25986956617635,Light (1-2),Medium,Visual,6.06,C
19.712269458889708,61.40559731382549,7.691693302565252,100.0,5.382405058759398,Moderate (3-4),Medium,Auditory,7.12,C
14.030808112113583,65.6322875770849,8.639474281556614,67.81181344817021,6.273184000077042,Moderate (3-4),Medium,Reading/Writing,6.21,C
6.42991234597444,68.8711541514045,9.828851854495486,100.0,6.961549155183416,Heavy (5+),Medium,Auditory,6.2,C
13.536837198997823,70.06533437903977,8.017589598181832,80.52331920634113,5.582833019602737,Light (1-2),Low,Visual,5.18,D
9.0463568205349,62.15163535859621,8.593109439562975,59.367336656468865,5.6179826691587875,Light (1-2),High,Reading/Writing,6.58,C
10.936335851366941,96.34624600642988,5.455970601223368,100.0,9.5335556009195,Light (1-2),High,Kinesthetic,6.43,C
19.120048830944267,74.11718399445253,4.418451529861057,81.88852082592439,5.967321515423336,Light (1-2),High,Visual,6.29,C
26.689331530459846,83.2875745253532,8.030142798351596,92.76686147570356,6.612349157472392,Heavy (5+),Medium,Reading/Writing,7.24,C
17.762700708760867,69.44472950379479,7.251825354030921,98.3578387781389,6.559315599040857,Light (1-2),Medium,Reading/Writing,7.15,C
6.6288185657537095,50.69095049177224,6.693399873813607,85.06933331217537,6.49437183067547,None,Medium,Kinesthetic,4.96,D
18.112218677540984,82.05086037587134,7.197268665139382,71.11638732780779,7.745616087962922,Moderate (3-4),Low,Kinesthetic,5.91,D
23.376420406519557,49.31617536870335,7.08173386842477,94.63570066503875,8.13777154056646,Moderate (3-4),Medium,Reading/Writing,6.74,C
10.731519669764324,76.97048930871797,8.81087034773641,80.01133261181893,6.6328546821620895,Light (1-2),Medium,Reading/Writing,7.69,B
14.061879833289577,57.47527441750785,8.83097405267052,90.28786727912629,5.516226056089181,Light (1-2),High,Visual,7.45,C
15.10281736310438,100.0,7.4795966342126246,47.69404139312808,8.529328273418685,Heavy (5+),Medium,Reading/Writing,6.24,C
9.50571180842432,91.67044083262083,8.02244517061327,86.70472575514778,6.885590690563981,Light (1-2),Medium,Reading/Writing,6.73,C
19.537963036907012,79.5863068690722,7.425312594364597,70.42121262282456,9.076386177828603,Moderate (3-4),Medium,Kinesthetic,6.24,C
14.153362959745529,96.95560016482003,5.669894482337686,100.0,4.305296922921805,Moderate (3-4),Medium,Reading/Writing,5.86,D
17.936727107349196,65.30526033801397,7.861816414843652,89.34631021833643,7.234483865539985,Light (1-2),Medium,Visual,6.41,C
8.7875547553853,86.15219068005139,3.989908876053329,83.59786618773946,9.302327600651449,Heavy (5+),Medium,Reading/Writing,4.75,D
11.937791897736126,80.99715650578071,8.39700479413259,87.29464990025332,6.57608303747421,Moderate (3-4),Medium,Auditory,6.85,C
20.0566695047944,81.96030122000505,4.349858708421136,65.02338720684922,6.729407891998437,Light (1-2),Medium,Visual,5.17,D
12.390167935357631,97.08530250160152,7.014445916230519,100.0,7.354614029908406,Moderate (3-4),Low,Visual,7.0,C
27.088746958633834,88.98738154169703,4.978722874832914,100.0,6.329445017338051,Moderate (3-4),High,Visual,7.71,B
12.202546700697784,82.33085494237535,7.496100169533968,85.89370265822325,6.62551368153672,Moderate (3-4),High,Kinesthetic,6.74,C
16.572793080263203,53.17668845657556,6.438934593329764,100.0,6.594621886970316,Heavy (5+),Medium,Visual,5.76,D
21.52813582311163,63.59930557080804,3.6294392753060016,71.462777019912,6.247095118688352,Light (1-2),Low,Visual,4.61,D
5.071439869468778,76.15936599606414,7.257259335833262,68.0432965066253,8.474627860240671,Light (1-2),High,Kinesthetic,6.2,C
2.6743383161345697,79.40058561414976,5.459742601701121,80.61387123093384,7.553293638755722,Light (1-2),Medium,Auditory,5.67,D
4.320405798009336,61.046944129891145,8.086064097464064,86.52411557551848,7.300753878523962,None,Medium,Visual,5.33,D
23.838088723990275,100.0,6.502386239721933,74.09019978135319,7.97028520826814,None,Low,Visual,5.88,D
11.136992978752872,100.0,7.211757773698468,88.06652285552725,6.68277300015584,Heavy (5+),Medium,Visual,6.77,C
32.90739499967776,87.03177480588725,4.776375880972619,84.59584223110122,6.07095541797652,Moderate (3-4),High,Visual,7.51,B
11.05026680939828,79.08055291925618,5.439201983430749,65.02539837063418,6.276850834462531,Moderate (3-4),High,Visual,5.18,D
16.291859122379257,74.81686545148273,5.674450455018048,87.78189526177582,7.002139649325531,Moderate (3-4),Medium,Reading/Writing,5.62,D
25.79476966797513,63.72122309966647,8.0420644644366,92.95292363782282,5.728945949952518,Moderate (3-4),Medium,Visual,6.6,C
29.04265021711386,79.16220777778294,9.51927875804988,82.57203976385587,6.39968678009599,Light (1-2),Low,Auditory,7.2,C
29.430525036454785,81.86628810214125,5.050690846862823,97.28972154892539,6.380660029754278,Heavy (5+),Low,Kinesthetic,6.01,C
23.458563614152,59.37359136777563,8.438326660383824,61.73894309754572,9.549467475794817,Light (1-2),High,Auditory,7.11,C
22.168437680680235,83.01264625867346,2.594580648093736,87.01925633197777,4.0,Heavy (5+),Medium,Kinesthetic,4.8,D
19.147688644408284,75.67111426762877,4.350459078033879,62.44578940404838,6.78445633431324,Moderate (3-4),Medium,Auditory,4.91,D
